date,daily_points,cumulative_points
2020-01-02,-1.4920200000000001,-1.4920200000000001
2020-01-03,-14,-15.49202
2020-01-06,-138,-153.49202
2020-01-07,-78,-231.49202
2020-01-08,-83,-314.49202
2020-01-09,181,-133.49202000000002
2020-01-10,42,-91.49202000000002
2020-01-13,105,13.507979999999975
2020-01-14,62.0138,75.52177999999998
2020-01-15,-101,-25.47822000000002
2020-01-16,-2,-27.47822000000002
2020-01-17,19,-8.478220000000022
2020-01-20,40,31.52177999999998
2020-01-30,-739,-707.47822
2020-01-31,97,-610.47822
2020-02-03,-145,-755.47822
2020-02-04,210,-545.47822
2020-02-05,8,-537.47822
2020-02-06,197,-340.47821999999996
2020-02-07,-150,-490.47821999999996
2020-02-10,-24,-514.47822
2020-02-11,99,-415.47821999999996
2020-02-12,106,-309.47821999999996
2020-02-13,5,-304.47821999999996
2020-02-14,35,-269.47821999999996
2020-02-17,-41,-310.47821999999996
2020-02-18,-131.96516,-442.44337999999993
2020-02-19,134,-308.44337999999993
2020-02-20,-50,-358.44337999999993
2020-02-21,-50,-408.44337999999993
2020-02-24,-152,-560.4433799999999
2020-02-25,30,-530.4433799999999
2020-02-26,-120,-650.4433799999999
2020-02-27,-145,-795.4433799999999
2020-03-02,-100,-895.4433799999999
2020-03-03,145,-750.4433799999999
2020-03-04,37,-713.4433799999999
2020-03-05,133,-580.4433799999999
2020-03-06,-222,-802.4433799999999
2020-03-09,-318,-1120.44338
2020-03-10,30,-1090.44338
2020-03-11,-157,-1247.44338
2020-03-12,-462,-1709.44338
2020-03-13,-335,-2044.44338
2020-03-16,-348,-2392.4433799999997
2020-03-17,-310.8682,-2703.3115799999996
2020-03-18,-286,-2989.3115799999996
2020-03-19,-563,-3552.3115799999996
2020-03-20,685,-2867.3115799999996
2020-03-23,-376,-3243.3115799999996
2020-03-24,528,-2715.3115799999996
2020-03-25,392,-2323.3115799999996
2020-03-26,46,-2277.3115799999996
2020-03-27,-52,-2329.3115799999996
2020-03-30,-13,-2342.3115799999996
2020-03-31,29,-2313.3115799999996
2020-04-01,-40,-2353.3115799999996
2020-04-06,268,-2085.3115799999996
2020-04-07,175,-1910.3115799999996
2020-04-08,124,-1786.3115799999996
2020-04-09,-22,-1808.3115799999996
2020-04-10,33,-1775.3115799999996
2020-04-13,-54,-1829.3115799999996
2020-04-14,261.08948,-1568.2220999999995
2020-04-15,62,-1506.2220999999995
2020-04-16,-24,-1530.2220999999995
2020-04-17,262,-1268.2220999999995
2020-04-20,-88,-1356.2220999999995
2020-04-21,-279,-1635.2220999999995
2020-04-22,26,-1609.2220999999995
2020-04-23,70,-1539.2220999999995
2020-04-24,-24,-1563.2220999999995
2020-04-27,277,-1286.2220999999995
2020-04-28,38,-1248.2220999999995
2020-04-29,126,-1122.2220999999995
2020-04-30,238,-884.2220999999995
2020-05-04,-337,-1221.2220999999995
2020-05-05,109,-1112.2220999999995
2020-05-06,30,-1082.2220999999995
2020-05-07,84,-998.2220999999995
2020-05-08,61,-937.2220999999995
2020-05-11,88,-849.2220999999995
2020-05-12,-117,-966.2220999999995
2020-05-13,49,-917.2220999999995
2020-05-14,-165,-1082.2220999999995
2020-05-15,68,-1014.2220999999995
2020-05-18,-56,-1070.2220999999995
2020-05-19,104.06788,-966.1542199999994
2020-05-20,48,-918.1542199999994
2020-05-21,102,-816.1542199999994
2020-05-22,-209,-1025.1542199999994
2020-05-25,77,-948.1542199999994
2020-05-26,163,-785.1542199999994
2020-05-27,-11,-796.1542199999994
2020-05-28,-62,-858.1542199999994
2020-05-29,8,-850.1542199999994
2020-06-01,138,-712.1542199999994
2020-06-02,50,-662.1542199999994
2020-06-03,176,-486.15421999999944
2020-06-04,75,-411.15421999999944
2020-06-05,99,-312.15421999999944
2020-06-08,113,-199.15421999999944
2020-06-09,36,-163.15421999999944
2020-06-10,98,-65.15421999999944
2020-06-11,-213,-278.15421999999944
2020-06-12,-100,-378.15421999999944
2020-06-15,-166,-544.1542199999994
2020-06-16,294.04684,-250.10737999999947
2020-06-17,30,-220.10737999999947
2020-06-18,36,-184.10737999999947
2020-06-19,14,-170.10737999999947
2020-06-22,12,-158.10737999999947
2020-06-23,35,-123.10737999999947
2020-06-24,67,-56.107379999999466
2020-06-29,-160,-216.10737999999947
2020-06-30,107,-109.10737999999947
2020-07-01,74,-35.107379999999466
2020-07-02,151,115.89262000000053
2020-07-03,139,254.89262000000053
2020-07-06,233,487.89262000000053
2020-07-07,-39,448.89262000000053
2020-07-08,98,546.8926200000005
2020-07-09,23,569.8926200000005
2020-07-10,-154,415.89262000000053
2020-07-13,209,624.8926200000005
2020-07-14,-18.9812,605.9114200000006
2020-07-15,54,659.9114200000006
2020-07-16,-55,604.9114200000006
2020-07-17,10,614.9114200000006
2020-07-20,-6,608.9114200000006
2020-07-21,255,863.9114200000006
2020-07-22,44,907.9114200000006
2020-07-23,-45,862.9114200000006
2020-07-24,-137,725.9114200000006
2020-07-27,348,1073.9114200000006
2020-07-28,-44,1029.9114200000006
2020-07-29,-33,996.9114200000006
2020-07-30,174,1170.9114200000006
2020-07-31,-19,1151.9114200000006
2020-08-03,-136,1015.9114200000006
2020-08-04,189,1204.9114200000006
2020-08-05,112,1316.9114200000006
2020-08-06,95,1411.9114200000006
2020-08-07,-77,1334.9114200000006
2020-08-10,95,1429.9114200000006
2020-08-11,-119,1310.9114200000006
2020-08-12,-80,1230.9114200000006
2020-08-13,70,1300.9114200000006
2020-08-14,64,1364.9114200000006
2020-08-17,164,1528.9114200000006
2020-08-18,-79.01324,1449.8981800000006
2020-08-19,-82,1367.8981800000006
2020-08-20,-451,916.8981800000006
2020-08-21,253,1169.8981800000006
2020-08-24,52,1221.8981800000006
2020-08-25,132,1353.8981800000006
2020-08-26,60,1413.8981800000006
2020-08-27,-37,1376.8981800000006
2020-08-28,-70,1306.8981800000006
2020-08-31,-99,1207.8981800000006
2020-09-01,99,1306.8981800000006
2020-09-02,2,1308.8981800000006
2020-09-03,44,1352.8981800000006
2020-09-04,-127,1225.8981800000006
2020-09-07,-27,1198.8981800000006
2020-09-08,87,1285.8981800000006
2020-09-09,-69,1216.8981800000006
2020-09-10,100,1316.8981800000006
2020-09-11,-35,1281.8981800000006
2020-09-14,121,1402.8981800000006
2020-09-15,55.98872,1458.8869000000007
2020-09-16,121,1579.8869000000007
2020-09-17,-88,1491.8869000000007
2020-09-18,18,1509.8869000000007
2020-09-21,-174,1335.8869000000007
2020-09-22,-150,1185.8869000000007
2020-09-23,19,1204.8869000000007
2020-09-24,-348,856.8869000000007
2020-09-25,15,871.8869000000007
2020-09-28,220,1091.8869000000007
2020-09-29,6,1097.8869000000007
2020-09-30,52,1149.8869000000007
2020-10-05,56,1205.8869000000007
2020-10-06,148,1353.8869000000007
2020-10-07,77,1430.8869000000007
2020-10-08,119,1549.8869000000007
2020-10-12,48,1597.8869000000007
2020-10-13,-6,1591.8869000000007
2020-10-14,-25,1566.8869000000007
2020-10-15,-50,1516.8869000000007
2020-10-16,-92,1424.8869000000007
2020-10-19,145,1569.8869000000007
2020-10-20,-41.011160000000004,1528.8757400000006
2020-10-21,29,1557.8757400000006
2020-10-22,28,1585.8757400000006
2020-10-23,2,1587.8757400000006
2020-10-26,22,1609.8757400000006
2020-10-27,-52,1557.8757400000006
2020-10-28,-65,1492.8757400000006
2020-10-29,-140,1352.8757400000006
2020-10-30,-190,1162.8757400000006
2020-11-02,103,1265.8757400000006
2020-11-03,168,1433.8757400000006
2020-11-04,180,1613.8757400000006
2020-11-05,27,1640.8757400000006
2020-11-06,46,1686.8757400000006
2020-11-09,189,1875.8757400000006
2020-11-10,-55,1820.8757400000006
2020-11-11,190,2010.8757400000006
2020-11-12,-35,1975.8757400000006
2020-11-13,56,2031.8757400000006
2020-11-16,297,2328.8757400000004
2020-11-17,41.9566,2370.8323400000004
2020-11-18,132,2502.8323400000004
2020-11-19,25,2527.8323400000004
2020-11-20,-9,2518.8323400000004
2020-11-23,140,2658.8323400000004
2020-11-24,-74,2584.8323400000004
2020-11-25,-87,2497.8323400000004
2020-11-26,127,2624.8323400000004
2020-11-27,39,2663.8323400000004
2020-11-30,-158,2505.8323400000004
2020-12-01,155,2660.8323400000004
2020-12-02,80,2740.8323400000004
2020-12-03,27,2767.8323400000004
2020-12-04,151,2918.8323400000004
2020-12-07,87,3005.8323400000004
2020-12-08,120,3125.8323400000004
2020-12-09,57,3182.8323400000004
2020-12-10,-160,3022.8323400000004
2020-12-11,0,3022.8323400000004
2020-12-14,-36,2986.8323400000004
2020-12-15,-120.05916,2866.7731800000006
2020-12-16,210,3076.7731800000006
2020-12-17,-3,3073.7731800000006
2020-12-18,-50,3023.7731800000006
2020-12-21,173,3196.7731800000006
2020-12-22,-263,2933.7731800000006
2020-12-23,68,3001.7731800000006
2020-12-24,128,3129.7731800000006
2020-12-25,62,3191.7731800000006
2020-12-28,132,3323.7731800000006
2020-12-29,22,3345.7731800000006
2020-12-30,178,3523.7731800000006
2020-12-31,42,3565.7731800000006
2021-01-04,195,3760.7731800000006
2021-01-05,103,3863.7731800000006
2021-01-06,-65,3798.7731800000006
2021-01-07,315,4113.77318
2021-01-08,225,4338.77318
2021-01-11,80,4418.77318
2021-01-12,-42,4376.77318
2021-01-13,270,4646.77318
2021-01-14,-32,4614.77318
2021-01-15,-95,4519.77318
2021-01-18,-24,4495.77318
2021-01-19,276.8662,4772.6393800000005
2021-01-20,-112,4660.6393800000005
2021-01-21,392,5052.6393800000005
2021-01-22,-148,4904.6393800000005
2021-01-25,-66,4838.6393800000005
2021-01-26,-283,4555.6393800000005
2021-01-27,29,4584.6393800000005
2021-01-28,-275,4309.6393800000005
2021-01-29,-312,3997.6393800000005
2021-02-01,292,4289.6393800000005
2021-02-02,390,4679.6393800000005
2021-02-03,21,4700.6393800000005
2021-02-04,-77,4623.6393800000005
2021-02-05,102.87148,4726.51086
2021-02-17,617,5343.51086
2021-02-18,50,5393.51086
2021-02-19,-71,5322.51086
2021-02-22,73,5395.51086
2021-02-23,52,5447.51086
2021-02-24,-253,5194.51086
2021-02-25,206,5400.51086
2021-02-26,-456,4944.51086
2021-03-02,-27,4917.51086
2021-03-03,275,5192.51086
2021-03-04,-257,4935.51086
2021-03-05,-75,4860.51086
2021-03-08,-28,4832.51086
2021-03-09,3,4835.51086
2021-03-10,63,4898.51086
2021-03-11,284,5182.51086
2021-03-12,54,5236.51086
2021-03-15,-24,5212.51086
2021-03-16,102.85032,5315.36118
2021-03-17,-84,5231.36118
2021-03-18,77,5308.36118
2021-03-19,-225,5083.36118
2021-03-22,127,5210.36118
2021-03-23,-18,5192.36118
2021-03-24,-138,5054.36118
2021-03-25,49,5103.36118
2021-03-26,255,5358.36118
2021-03-29,123,5481.36118
2021-03-30,112,5593.36118
2021-03-31,-97,5496.36118
2021-04-01,126,5622.36118
2021-04-06,179,5801.36118
2021-04-07,39,5840.36118
2021-04-08,160,6000.36118
2021-04-09,-88,5912.36118
2021-04-12,-4,5908.36118
2021-04-13,-42,5866.36118
2021-04-14,64,5930.36118
2021-04-15,212,6142.36118
2021-04-16,87,6229.36118
2021-04-19,113,6342.36118
2021-04-20,47.80972,6390.1709
2021-04-21,-122,6268.1709
2021-04-22,-29,6239.1709
2021-04-23,149,6388.1709
2021-04-26,271,6659.1709
2021-04-27,44,6703.1709
2021-04-28,-37,6666.1709
2021-04-29,36,6702.1709
2021-05-03,-315,6387.1709
2021-05-04,-323,6064.1709
2021-05-05,-166,5898.1709
2021-05-06,180,6078.1709
2021-05-07,338,6416.1709
2021-05-10,-54,6362.1709
2021-05-11,-668,5694.1709
2021-05-12,-864,4830.1709
2021-05-13,-131,4699.1709
2021-05-14,200,4899.1709
2021-05-17,-503,4396.1709
2021-05-18,880.85656,5277.02746
2021-05-19,-64,5213.02746
2021-05-20,-48,5165.02746
2021-05-21,285,5450.02746
2021-05-24,32,5482.02746
2021-05-25,293,5775.02746
2021-05-26,30,5805.02746
2021-05-27,-81,5724.02746
2021-05-28,330,6054.02746
2021-05-31,148,6202.02746
2021-06-01,120,6322.02746
2021-06-02,-29,6293.02746
2021-06-03,124,6417.02746
2021-06-04,-123,6294.02746
2021-06-07,-13,6281.02746
2021-06-08,0,6281.02746
2021-06-09,-131,6150.02746
2021-06-10,198,6348.02746
2021-06-11,60,6408.02746
2021-06-15,176.80912,6584.83658
2021-06-16,-33,6551.83658
2021-06-17,56,6607.83658
2021-06-18,-41,6566.83658
2021-06-21,-291,6275.83658
2021-06-22,63,6338.83658
2021-06-23,241,6579.83658
2021-06-24,71,6650.83658
2021-06-25,85,6735.83658
2021-06-28,110,6845.83658
2021-06-29,-3,6842.83658
2021-06-30,182,7024.83658
2021-07-01,-66,6958.83658
2021-07-02,3,6961.83658
2021-07-05,247,7208.83658
2021-07-06,-21,7187.83658
2021-07-07,-49,7138.83658
2021-07-08,-3,7135.83658
2021-07-09,-162,6973.83658
2021-07-12,165,7138.83658
2021-07-13,43,7181.83658
2021-07-14,2,7183.83658
2021-07-15,150,7333.83658
2021-07-16,-97,7236.83658
2021-07-19,-131,7105.83658
2021-07-20,-238.19344,6867.64314
2021-07-21,-61,6806.64314
2021-07-22,131,6937.64314
2021-07-23,0,6937.64314
2021-07-26,-203,6734.64314
2021-07-27,-35,6699.64314
2021-07-28,-203,6496.64314
2021-07-29,362,6858.64314
2021-07-30,-153,6705.64314
2021-08-02,293,6998.64314
2021-08-03,15,7013.64314
2021-08-04,89,7102.64314
2021-08-05,-27,7075.64314
2021-08-06,-105,6970.64314
2021-08-09,-33,6937.64314
2021-08-10,-111,6826.64314
2021-08-11,-125,6701.64314
2021-08-12,-12,6689.64314
2021-08-13,-222,6467.64314
2021-08-16,-162,6305.64314
2021-08-17,-199.15872,6106.48442
2021-08-18,233,6339.48442
2021-08-19,-373,5966.48442
2021-08-20,-140,5826.48442
2021-08-23,491,6317.48442
2021-08-24,102,6419.48442
2021-08-25,181,6600.48442
2021-08-26,31,6631.48442
2021-08-27,179,6810.48442
2021-08-30,163,6973.48442
2021-08-31,120,7093.48442
2021-09-01,19,7112.48442
2021-09-02,-155,6957.48442
2021-09-03,189,7146.48442
2021-09-06,-15,7131.48442
2021-09-07,-69,7062.48442
2021-09-08,-164,6898.48442
2021-09-09,-22,6876.48442
2021-09-10,235,7111.48442
2021-09-13,-32,7079.48442
2021-09-14,17.80384,7097.288259999999
2021-09-15,-76,7021.288259999999
2021-09-16,-81,6940.288259999999
2021-09-17,47,6987.288259999999
2021-09-22,-394,6593.288259999999
2021-09-23,180,6773.288259999999
2021-09-24,168,6941.288259999999
2021-09-27,44,6985.288259999999
2021-09-28,-122,6863.288259999999
2021-09-29,-352,6511.288259999999
2021-09-30,101,6612.288259999999
2021-10-01,-401,6211.288259999999
2021-10-04,-157,6054.288259999999
2021-10-05,34,6088.288259999999
2021-10-06,-33,6055.288259999999
2021-10-07,337,6392.288259999999
2021-10-08,-74,6318.288259999999
2021-10-12,-206,6112.288259999999
2021-10-13,-98,6014.288259999999
2021-10-14,81,6095.288259999999
2021-10-15,378,6473.288259999999
2021-10-18,-59,6414.288259999999
2021-10-19,178.825,6593.113259999999
2021-10-20,12,6605.113259999999
2021-10-21,-72,6533.113259999999
2021-10-22,38,6571.113259999999
2021-10-25,38,6609.113259999999
2021-10-26,153,6762.113259999999
2021-10-27,24,6786.113259999999
2021-10-28,-29,6757.113259999999
2021-10-29,-93,6664.113259999999
2021-11-01,134,6798.113259999999
2021-11-02,-33,6765.113259999999
2021-11-03,44,6809.113259999999
2021-11-04,-18,6791.113259999999
2021-11-05,196,6987.113259999999
2021-11-08,154,7141.113259999999
2021-11-09,128,7269.113259999999
2021-11-10,3,7272.113259999999
2021-11-11,-81,7191.113259999999
2021-11-12,71,7262.113259999999
2021-11-15,120,7382.113259999999
2021-11-16,30.79276,7412.906019999999
2021-11-17,80,7492.906019999999
2021-11-18,98,7590.906019999999
2021-11-19,-7,7583.906019999999
2021-11-22,-16,7567.906019999999
2021-11-23,-177,7390.906019999999
2021-11-24,21,7411.906019999999
2021-11-25,-7,7404.906019999999
2021-11-26,-331,7073.906019999999
2021-11-29,-31,7042.906019999999
2021-11-30,19,7061.906019999999
2021-12-01,254,7315.906019999999
2021-12-02,120,7435.906019999999
2021-12-03,2,7437.906019999999
2021-12-06,-14,7423.906019999999
2021-12-07,103,7526.906019999999
2021-12-08,58,7584.906019999999
2021-12-09,57,7641.906019999999
2021-12-10,-92,7549.906019999999
2021-12-13,-65,7484.906019999999
2021-12-14,-154.20172,7330.704299999999
2021-12-15,55,7385.704299999999
2021-12-16,206,7591.704299999999
2021-12-17,-19,7572.704299999999
2021-12-20,-203,7369.704299999999
2021-12-21,214,7583.704299999999
2021-12-22,36,7619.704299999999
2021-12-23,119,7738.704299999999
2021-12-24,6,7744.704299999999
2021-12-27,113,7857.704299999999
2021-12-28,136,7993.704299999999
2021-12-29,68,8061.704299999999
2021-12-30,-65,7996.704299999999
2022-01-03,63,8059.704299999999
2022-01-04,242,8301.7043
2022-01-05,-34,8267.7043
2022-01-06,-143,8124.704299999999
2022-01-07,-191,7933.704299999999
2022-01-10,114,8047.704299999999
2022-01-11,19,8066.704299999999
2022-01-12,97,8163.704299999999
2022-01-13,49,8212.7043
2022-01-14,-65,8147.704299999999
2022-01-17,148,8295.7043
2022-01-18,-161.23248,8134.47182
2022-01-19,-166,7968.47182
2022-01-20,78,8046.47182
2022-01-21,-328,7718.47182
2022-01-24,61,7779.47182
2022-01-25,-283,7496.47182
2022-01-26,-50,7446.47182
2022-02-07,272,7718.47182
2022-02-08,46,7764.47182
2022-02-09,222,7986.47182
2022-02-10,170,8156.47182
2022-02-11,-61,8095.47182
2022-02-14,-296,7799.47182
2022-02-15,-25.2168,7774.25502
2022-02-16,295,8069.25502
2022-02-17,29,8098.25502
2022-02-18,-17,8081.25502
2022-02-21,-15,8066.25502
2022-02-22,-332,7734.25502
2022-02-23,162,7896.25502
2022-02-24,-529,7367.25502
2022-02-25,97,7464.25502
2022-03-01,302,7766.25502
2022-03-02,-74,7692.25502
2022-03-03,91,7783.25502
2022-03-04,-261,7522.25502
2022-03-07,-610,6912.25502
2022-03-08,-351,6561.25502
2022-03-09,242,6803.25502
2022-03-10,487,7290.25502
2022-03-11,-210,7080.25502
2022-03-14,14,7094.25502
2022-03-15,-358.1732,6736.081819999999
2022-03-16,102,6838.081819999999
2022-03-17,512,7350.081819999999
2022-03-18,-51,7299.081819999999
2022-03-21,98,7397.081819999999
2022-03-22,31,7428.081819999999
2022-03-23,177,7605.081819999999
2022-03-24,-30,7575.081819999999
2022-03-25,-48,7527.081819999999
2022-03-28,-184,7343.081819999999
2022-03-29,109,7452.081819999999
2022-03-30,194,7646.081819999999
2022-03-31,-106,7540.081819999999
2022-04-01,-77,7463.081819999999
2022-04-06,-52,7411.081819999999
2022-04-07,-363,7048.081819999999
2022-04-08,162,7210.081819999999
2022-04-11,-267,6943.081819999999
2022-04-12,-37,6906.081819999999
2022-04-13,316,7222.081819999999
2022-04-14,-21,7201.081819999999
2022-04-15,-315,6886.081819999999
2022-04-18,-96,6790.081819999999
2022-04-19,116.82108,6906.902899999999
2022-04-20,99,7005.902899999999
2022-04-21,54,7059.902899999999
2022-04-22,-134,6925.902899999999
2022-04-25,-420,6505.902899999999
2022-04-26,13,6518.902899999999
2022-04-27,-298,6220.902899999999
2022-04-28,101,6321.902899999999
2022-04-29,193,6514.902899999999
2022-05-03,-109,6405.902899999999
2022-05-04,47,6452.902899999999
2022-05-05,166,6618.902899999999
2022-05-06,-329,6289.902899999999
2022-05-09,-329,5960.902899999999
2022-05-10,11,5971.902899999999
2022-05-11,-31,5940.902899999999
2022-05-12,-377,5563.902899999999
2022-05-13,219,5782.902899999999
2022-05-16,73,5855.902899999999
2022-05-17,149.85884,6005.761739999999
2022-05-18,169,6174.761739999999
2022-05-19,-287,5887.761739999999
2022-05-20,225,6112.761739999999
2022-05-23,7,6119.761739999999
2022-05-24,-217,5902.761739999999
2022-05-25,135,6037.761739999999
2022-05-26,-111,5926.761739999999
2022-05-27,279,6205.761739999999
2022-05-30,330,6535.761739999999
2022-05-31,122,6657.761739999999
2022-06-01,-73,6584.761739999999
2022-06-02,-75,6509.761739999999
2022-06-06,67,6576.761739999999
2022-06-07,-139,6437.761739999999
2022-06-08,180,6617.761739999999
2022-06-09,-64,6553.761739999999
2022-06-10,-103,6450.761739999999
2022-06-13,-424,6026.761739999999
2022-06-14,-1.1239600000000003,6025.637779999999
2022-06-15,-53,5972.637779999999
2022-06-16,-135,5837.637779999999
2022-06-17,-209,5628.637779999999
2022-06-20,-171,5457.637779999999
2022-06-21,315,5772.637779999999
2022-06-22,-331,5441.637779999999
2022-06-23,-76,5365.637779999999
2022-06-24,114,5479.637779999999
2022-06-27,224,5703.637779999999
2022-06-28,-83,5620.637779999999
2022-06-29,-178,5442.637779999999
2022-06-30,-392,5050.637779999999
2022-07-01,-449,4601.637779999999
2022-07-04,-23,4578.637779999999
2022-07-05,57,4635.637779999999
2022-07-06,-330,4305.637779999999
2022-07-07,308,4613.637779999999
2022-07-08,145,4758.637779999999
2022-07-11,-54,4704.637779999999
2022-07-12,-364,4340.637779999999
2022-07-13,367,4707.637779999999
2022-07-14,105,4812.637779999999
2022-07-15,93,4905.637779999999
2022-07-18,168,5073.637779999999
2022-07-19,27.919,5101.556779999999
2022-07-20,87,5188.556779999999
2022-07-21,135,5323.556779999999
2022-07-22,8,5331.556779999999
2022-07-25,38,5369.556779999999
2022-07-26,-86,5283.556779999999
2022-07-27,84,5367.556779999999
2022-07-28,42,5409.556779999999
2022-07-29,107,5516.556779999999
2022-08-01,-70,5446.556779999999
2022-08-02,-225,5221.556779999999
2022-08-03,27,5248.556779999999
2022-08-04,-18,5230.556779999999
2022-08-05,357,5587.556779999999
2022-08-08,-50,5537.556779999999
2022-08-09,55,5592.556779999999
2022-08-10,-138,5454.556779999999
2022-08-11,306,5760.556779999999
2022-08-12,90,5850.556779999999
2022-08-15,111,5961.556779999999
2022-08-16,36.8852,5998.441979999999
2022-08-17,9,6007.441979999999
2022-08-18,-62,5945.441979999999
2022-08-19,37,5982.441979999999
2022-08-22,-175,5807.441979999999
2022-08-23,-151,5656.441979999999
2022-08-24,7,5663.441979999999
2022-08-25,135,5798.441979999999
2022-08-26,71,5869.441979999999
2022-08-29,-421,5448.441979999999
2022-08-30,129,5577.441979999999
2022-08-31,93,5670.441979999999
2022-09-01,-305,5365.441979999999
2022-09-02,-139,5226.441979999999
2022-09-05,15,5241.441979999999
2022-09-06,22,5263.441979999999
2022-09-07,-278,4985.441979999999
2022-09-08,188,5173.441979999999
2022-09-12,252,5425.441979999999
2022-09-13,78,5503.441979999999
2022-09-14,-297,5206.441979999999
2022-09-15,64,5270.441979999999
2022-09-16,-157,5113.441979999999
2022-09-19,-65,5048.441979999999
2022-09-20,134.91888,5183.360859999999
2022-09-21,-117,5066.360859999999
2022-09-22,-172,4894.360859999999
2022-09-23,-121,4773.360859999999
2022-09-26,-356,4417.360859999999
2022-09-27,53,4470.360859999999
2022-09-28,-300,4170.360859999999
2022-09-29,8,4178.360859999999
2022-09-30,-129,4049.360859999999
2022-10-03,-91,3958.360859999999
2022-10-04,290,4248.360859999999
2022-10-05,221,4469.360859999999
2022-10-06,57,4526.360859999999
2022-10-07,-183,4343.360859999999
2022-10-11,-598,3745.360859999999
2022-10-12,-18,3727.360859999999
2022-10-13,-203,3524.360859999999
2022-10-14,299,3823.360859999999
2022-10-17,-190,3633.360859999999
2022-10-18,118.97684,3752.3376999999987
2022-10-19,-117,3635.3376999999987
2022-10-20,-64,3571.3376999999987
2022-10-21,-93,3478.3376999999987
2022-10-24,79,3557.3376999999987
2022-10-25,-199,3358.3376999999987
2022-10-26,56,3414.3376999999987
2022-10-27,215,3629.3376999999987
2022-10-28,-189,3440.3376999999987
2022-10-31,176,3616.3376999999987
2022-11-01,90,3706.3376999999987
2022-11-02,51,3757.3376999999987
2022-11-03,-127,3630.3376999999987
2022-11-04,72,3702.3376999999987
2022-11-07,196,3898.3376999999987
2022-11-08,108,4006.3376999999987
2022-11-09,260,4266.337699999998
2022-11-10,-107,4159.337699999998
2022-11-11,568,4727.337699999998
2022-11-14,71,4798.337699999998
2022-11-15,395.9218,5194.259499999998
2022-11-16,31,5225.259499999998
2022-11-17,25,5250.259499999998
2022-11-18,-46,5204.259499999998
2022-11-21,-34,5170.259499999998
2022-11-22,73,5243.259499999998
2022-11-23,95,5338.259499999998
2022-11-24,175,5513.259499999998
2022-11-25,-64,5449.259499999998
2022-11-28,-236,5213.259499999998
2022-11-29,186,5399.259499999998
2022-11-30,142,5541.259499999998
2022-12-01,178,5719.259499999998
2022-12-02,-96,5623.259499999998
2022-12-05,46,5669.259499999998
2022-12-06,-251,5418.259499999998
2022-12-07,-54,5364.259499999998
2022-12-08,-130,5234.259499999998
2022-12-09,214,5448.259499999998
2022-12-12,-126,5322.259499999998
2022-12-13,-65,5257.259499999998
2022-12-14,192,5449.259499999998
2022-12-15,3,5452.259499999998
2022-12-16,-250,5202.259499999998
2022-12-19,-56,5146.259499999998
2022-12-20,-257.06492,4889.1945799999985
2022-12-21,44,4933.1945799999985
2022-12-22,207,5140.1945799999985
2022-12-23,-185,4955.1945799999985
2022-12-26,54,5009.1945799999985
2022-12-27,62,5071.1945799999985
2022-12-28,-193,4878.1945799999985
2022-12-29,-78,4800.1945799999985
2022-12-30,101,4901.1945799999985
2023-01-03,95,4996.1945799999985
2023-01-04,-21,4975.1945799999985
2023-01-05,80,5055.1945799999985
2023-01-06,77,5132.1945799999985
2023-01-09,399,5531.1945799999985
2023-01-10,45,5576.1945799999985
2023-01-11,-19,5557.1945799999985
2023-01-12,-25,5532.1945799999985
2023-01-13,68,5600.1945799999985
2023-01-16,104,5704.1945799999985
2023-01-17,-16.0964,5688.098179999998
2023-01-30,547,6235.098179999998
2023-01-31,-189,6046.098179999998
2023-02-01,114,6160.098179999998
2023-02-02,198,6358.098179999998
2023-02-03,1,6359.098179999998
2023-02-06,-174,6185.098179999998
2023-02-07,-10,6175.098179999998
2023-02-08,207,6382.098179999998
2023-02-09,-4,6378.098179999998
2023-02-10,-23,6355.098179999998
2023-02-13,-45,6310.098179999998
2023-02-14,122.8742,6432.972379999998
2023-02-15,-279,6153.972379999998
2023-02-16,177,6330.972379999998
2023-02-17,-107,6223.972379999998
2023-02-20,88,6311.972379999998
2023-02-21,4,6315.972379999998
2023-02-22,-153,6162.972379999998
2023-02-23,225,6387.972379999998
2023-02-24,-59,6328.972379999998
2023-03-01,5,6333.972379999998
2023-03-02,-4,6329.972379999998
2023-03-03,73,6402.972379999998
2023-03-06,157,6559.972379999998
2023-03-07,101,6660.972379999998
2023-03-08,-88,6572.972379999998
2023-03-09,-19,6553.972379999998
2023-03-10,-285,6268.972379999998
2023-03-13,38,6306.972379999998
2023-03-14,-168.11152,6138.860859999998
2023-03-15,42,6180.860859999998
2023-03-16,-104,6076.860859999998
2023-03-17,179,6255.860859999998
2023-03-20,-35,6220.860859999998
2023-03-21,85,6305.860859999998
2023-03-22,260,6565.860859999998
2023-03-23,121,6686.860859999998
2023-03-24,81,6767.860859999998
2023-03-27,-88,6679.860859999998
2023-03-28,-140,6539.860859999998
2023-03-29,49,6588.860859999998
2023-03-30,81,6669.860859999998
2023-03-31,45,6714.860859999998
2023-04-06,-102,6612.860859999998
2023-04-07,56,6668.860859999998
2023-04-10,33,6701.860859999998
2023-04-11,73,6774.860859999998
2023-04-12,1,6775.860859999998
2023-04-13,-109,6666.860859999998
2023-04-14,132,6798.860859999998
2023-04-17,22,6820.860859999998
2023-04-18,-82.13488,6738.725979999998
2023-04-19,-94,6644.725979999998
2023-04-20,-47,6597.725979999998
2023-04-21,-117,6480.725979999998
2023-04-24,6,6486.725979999998
2023-04-25,-231,6255.725979999998
2023-04-26,-13,6242.725979999998
2023-04-27,50,6292.725979999998
2023-04-28,146,6438.725979999998
2023-05-02,63,6501.725979999998
2023-05-03,-86,6415.725979999998
2023-05-04,58,6473.725979999998
2023-05-05,35,6508.725979999998
2023-05-08,81,6589.725979999998
2023-05-09,13,6602.725979999998
2023-05-10,-126,6476.725979999998
2023-05-11,-91,6385.725979999998
2023-05-12,-13,6372.725979999998
2023-05-15,4,6376.725979999998
2023-05-16,176.87484,6553.600819999999
2023-05-17,246,6799.600819999999
2023-05-18,194,6993.600819999999
2023-05-19,58,7051.600819999999
2023-05-22,-12,7039.600819999999
2023-05-23,20,7059.600819999999
2023-05-24,-66,6993.600819999999
2023-05-25,136,7129.600819999999
2023-05-26,233,7362.600819999999
2023-05-29,140,7502.600819999999
2023-05-30,-5,7497.600819999999
2023-05-31,-85,7412.600819999999
2023-06-01,-19,7393.600819999999
2023-06-02,242,7635.600819999999
2023-06-05,-28,7607.600819999999
2023-06-06,63,7670.600819999999
2023-06-07,144,7814.600819999999
2023-06-08,-173,7641.600819999999
2023-06-09,169,7810.600819999999
2023-06-12,56,7866.600819999999
2023-06-13,276,8142.600819999999
2023-06-14,-19,8123.600819999999
2023-06-15,137,8260.60082
2023-06-16,-67,8193.60082
2023-06-19,-16,8177.60082
2023-06-20,-67.18048,8110.42034
2023-06-21,-9,8101.42034
2023-06-26,-123,7978.42034
2023-06-27,-138,7840.42034
2023-06-28,33,7873.42034
2023-06-29,-13,7860.42034
2023-06-30,25,7885.42034
2023-07-03,248,8133.42034
2023-07-04,68,8201.42034
2023-07-05,-98,8103.420340000001
2023-07-06,-316,7787.420340000001
2023-07-07,-65,7722.420340000001
2023-07-10,-71,7651.420340000001
2023-07-11,313,7964.420340000001
2023-07-12,56,8020.420340000001
2023-07-13,164,8184.420340000001
2023-07-14,205,8389.42034
2023-07-17,-4,8385.42034
2023-07-18,-70.1868,8315.233540000001
2023-07-19,-89,8226.233540000001
2023-07-20,45,8271.233540000001
2023-07-21,-179,8092.233540000001
2023-07-24,32,8124.233540000001
2023-07-25,203,8327.233540000001
2023-07-26,-82,8245.233540000001
2023-07-27,123,8368.233540000001
2023-07-28,39,8407.233540000001
2023-07-31,-159,8248.233540000001
2023-08-01,75,8323.233540000001
2023-08-02,-358,7965.233540000001
2023-08-04,3,7968.233540000001
2023-08-07,177,8145.233540000001
2023-08-08,-148,7997.233540000001
2023-08-09,1,7998.233540000001
2023-08-10,-197,7801.233540000001
2023-08-11,-31,7770.233540000001
2023-08-14,-248,7522.233540000001
2023-08-15,42.844,7565.077540000001
2023-08-16,-27,7538.077540000001
2023-08-17,83,7621.077540000001
2023-08-18,-103,7518.077540000001
2023-08-21,-5,7513.077540000001
2023-08-22,52,7565.077540000001
2023-08-23,158,7723.077540000001
2023-08-24,198,7921.077540000001
2023-08-25,-330,7591.077540000001
2023-08-28,66,7657.077540000001
2023-08-29,132,7789.077540000001
2023-08-30,99,7888.077540000001
2023-08-31,-103,7785.077540000001
2023-09-01,31,7816.077540000001
2023-09-04,127,7943.077540000001
2023-09-05,-26,7917.077540000001
2023-09-06,-39,7878.077540000001
2023-09-07,-150,7728.077540000001
2023-09-08,-1,7727.077540000001
2023-09-11,-137,7590.077540000001
2023-09-12,145,7735.077540000001
2023-09-13,9,7744.077540000001
2023-09-14,257,8001.077540000001
2023-09-15,68,8069.077540000001
2023-09-18,-192,7877.077540000001
2023-09-19,-109.16484,7767.912700000001
2023-09-20,-56,7711.912700000001
2023-09-21,-254,7457.912700000001
2023-09-22,33,7490.912700000001
2023-09-25,121,7611.912700000001
2023-09-26,-160,7451.912700000001
2023-09-27,6,7457.912700000001
2023-09-28,56,7513.912700000001
2023-10-02,189,7702.912700000001
2023-10-03,-145,7557.912700000001
2023-10-04,-166,7391.912700000001
2023-10-05,212,7603.912700000001
2023-10-06,71,7674.912700000001
2023-10-11,186,7860.912700000001
2023-10-12,134,7994.912700000001
2023-10-13,-77,7917.912700000001
2023-10-16,-122,7795.912700000001
2023-10-17,-2.16696,7793.745740000001
2023-10-18,-206,7587.745740000001
2023-10-19,-7,7580.745740000001
2023-10-20,-47,7533.745740000001
2023-10-23,-158,7375.745740000001
2023-10-24,77,7452.745740000001
2023-10-25,25,7477.745740000001
2023-10-26,-292,7185.745740000001
2023-10-27,86,7271.745740000001
2023-10-30,8,7279.745740000001
2023-10-31,-163,7116.745740000001
2023-11-01,53,7169.745740000001
2023-11-02,339,7508.745740000001
2023-11-03,125,7633.745740000001
2023-11-06,159,7792.745740000001
2023-11-07,35,7827.745740000001
2023-11-08,44,7871.745740000001
2023-11-09,11,7882.745740000001
2023-11-10,-31,7851.745740000001
2023-11-13,142,7993.745740000001
2023-11-14,70.82128,8064.567020000001
2023-11-15,191,8255.567020000002
2023-11-16,27,8282.567020000002
2023-11-17,33,8315.567020000002
2023-11-20,-18,8297.567020000002
2023-11-21,210,8507.567020000002
2023-11-22,-122,8385.567020000002
2023-11-23,15,8400.567020000002
2023-11-24,-11,8389.567020000002
2023-11-27,-121,8268.567020000002
2023-11-28,188,8456.567020000002
2023-11-29,-21,8435.567020000002
2023-11-30,54,8489.567020000002
2023-12-01,31,8520.567020000002
2023-12-04,-6,8514.567020000002
2023-12-05,-109,8405.567020000002
2023-12-06,68,8473.567020000002
2023-12-07,-106,8367.567020000002
2023-12-08,104,8471.567020000002
2023-12-11,43,8514.567020000002
2023-12-12,44,8558.567020000002
2023-12-13,-5,8553.567020000002
2023-12-14,206,8759.567020000002
2023-12-15,10,8769.567020000002
2023-12-18,-17,8752.567020000002
2023-12-19,-82.20256,8670.364460000003
2023-12-20,99,8769.364460000003
2023-12-21,-134,8635.364460000003
2023-12-22,31,8666.364460000003
2023-12-25,62,8728.364460000003
2023-12-26,112,8840.364460000003
2023-12-27,125,8965.364460000003
2023-12-28,7,8972.364460000003
2023-12-29,4,8976.364460000003
2024-01-02,-70,8906.364460000003
2024-01-03,-255,8651.364460000003
2024-01-04,5,8656.364460000003
2024-01-05,-32,8624.364460000003
2024-01-08,77,8701.364460000003
2024-01-09,-48,8653.364460000003
2024-01-10,-87,8566.364460000003
2024-01-11,110,8676.364460000003
2024-01-12,-83,8593.364460000003
2024-01-15,67,8660.364460000003
2024-01-16,-224.19448,8436.169980000002
2024-01-17,-127,8309.169980000002
2024-01-18,47,8356.169980000002
2024-01-19,392,8748.169980000002
2024-01-22,141,8889.169980000002
2024-01-23,53,8942.169980000002
2024-01-24,28,8970.169980000002
2024-01-25,101,9071.169980000002
2024-01-26,2,9073.169980000002
2024-01-29,124,9197.169980000002
2024-01-30,-42,9155.169980000002
2024-01-31,-160,8995.169980000002
2024-02-01,64,9059.169980000002
2024-02-02,99,9158.169980000002
2024-02-05,1,9159.169980000002
2024-02-15,581,9740.169980000002
2024-02-16,-27,9713.169980000002
2024-02-19,30,9743.169980000002
2024-02-20,78.7496,9821.919580000002
2024-02-21,-67,9754.919580000002
2024-02-22,193,9947.919580000002
2024-02-23,26,9973.919580000002
2024-02-26,52,10025.919580000002
2024-02-27,-94,9931.919580000002
2024-02-29,91,10022.919580000002
2024-03-01,0,10022.919580000002
2024-03-04,350,10372.919580000002
2024-03-05,79,10451.919580000002
2024-03-06,117,10568.919580000002
2024-03-07,195,10763.919580000002
2024-03-08,92,10855.919580000002
2024-03-11,-78,10777.919580000002
2024-03-12,238,11015.919580000002
2024-03-13,-26,10989.919580000002
2024-03-14,12,11001.919580000002
2024-03-15,-212,10789.919580000002
2024-03-18,186,10975.919580000002
2024-03-19,-50.2954,10925.62418
2024-03-20,-52,10873.62418
2024-03-21,427,11300.62418
2024-03-22,-20,11280.62418
2024-03-25,-11,11269.62418
2024-03-26,-44,11225.62418
2024-03-27,73,11298.62418
2024-03-28,-56,11242.62418
2024-03-29,76,11318.62418
2024-04-01,15,11333.62418
2024-04-02,228,11561.62418
2024-04-03,-170,11391.62418
2024-04-08,96,11487.62418
2024-04-09,422,11909.62418
2024-04-10,-21,11888.62418
2024-04-11,-96,11792.62418
2024-04-12,1,11793.62418
2024-04-15,-247,11546.62418
2024-04-16,-562.29928,10984.324900000001
2024-04-17,207,11191.324900000001
2024-04-18,164,11355.324900000001
2024-04-19,-794,10561.324900000001
2024-04-22,-31,10530.324900000001
2024-04-23,152,10682.324900000001
2024-04-24,490,11172.324900000001
2024-04-25,-290,10882.324900000001
2024-04-26,296,11178.324900000001
2024-04-29,374,11552.324900000001
2024-04-30,-137,11415.324900000001
2024-05-02,-121,11294.324900000001
2024-05-03,90,11384.324900000001
2024-05-06,219,11603.324900000001
2024-05-07,47,11650.324900000001
2024-05-08,76,11726.324900000001
2024-05-09,-112,11614.324900000001
2024-05-10,200,11814.324900000001
2024-05-13,69,11883.324900000001
2024-05-14,121.65964,12004.984540000001
2024-05-15,234,12238.984540000001
2024-05-16,129,12367.984540000001
2024-05-17,-37,12330.984540000001
2024-05-20,-36,12294.984540000001
2024-05-21,-17,12277.984540000001
2024-05-22,299,12576.984540000001
2024-05-23,24,12600.984540000001
2024-05-24,-37,12563.984540000001
2024-05-27,302,12865.984540000001
2024-05-28,81,12946.984540000001
2024-05-29,-221,12725.984540000001
2024-05-30,-335,12390.984540000001
2024-05-31,-107,12283.984540000001
2024-06-03,367,12650.984540000001
2024-06-04,-328,12322.984540000001
2024-06-05,133,12455.984540000001
2024-06-06,413,12868.984540000001
2024-06-07,21,12889.984540000001
2024-06-11,-93,12796.984540000001
2024-06-12,245,13041.984540000001
2024-06-13,279,13320.984540000001
2024-06-14,185,13505.984540000001
2024-06-17,-33,13472.984540000001
2024-06-18,305.59312,13778.57766
2024-06-19,463,14241.57766
2024-06-20,242,14483.57766
2024-06-21,-170,14313.57766
2024-06-24,-453,13860.57766
2024-06-25,-7,13853.57766
2024-06-26,129,13982.57766
2024-06-27,-79,13903.57766
2024-06-28,183,14086.57766
2024-07-01,13,14099.57766
2024-07-02,-158,13941.57766
2024-07-03,348,14289.57766
2024-07-04,438,14727.57766
2024-07-05,-50,14677.57766
2024-07-08,338,15015.57766
2024-07-09,-28,14987.57766
2024-07-10,121,15108.57766
2024-07-11,369,15477.57766
2024-07-12,-557,14920.57766
2024-07-15,37,14957.57766
2024-07-16,139.54016000000001,15097.117820000001
2024-07-17,-217,14880.117820000001
2024-07-18,-392,14488.117820000001
2024-07-19,-480,14008.117820000001
2024-07-22,-533,13475.117820000001
2024-07-23,461,13936.117820000001
2024-07-26,-739,13197.117820000001
2024-07-29,160,13357.117820000001
2024-07-30,-4,13353.117820000001
2024-07-31,32,13385.117820000001
2024-08-01,376,13761.117820000001
2024-08-02,-1134,12627.117820000001
2024-08-05,-2152,10475.117820000001
2024-08-06,1081,11556.117820000001
2024-08-07,687,12243.117820000001
2024-08-08,-444,11799.117820000001
2024-08-09,785,12584.117820000001
2024-08-12,193,12777.117820000001
2024-08-13,95,12872.117820000001
2024-08-14,225,13097.117820000001
2024-08-15,-156,12941.117820000001
2024-08-16,525,13466.117820000001
2024-08-19,-4,13462.117820000001
2024-08-20,70.60388,13532.721700000002
2024-08-21,-201,13331.721700000002
2024-08-22,-102,13229.721700000002
2024-08-23,23,13252.721700000002
2024-08-26,87,13339.721700000002
2024-08-27,-58,13281.721700000002
2024-08-28,253,13534.721700000002
2024-08-29,-238,13296.721700000002
2024-08-30,151,13447.721700000002
2024-09-02,-106,13341.721700000002
2024-09-03,-161,13180.721700000002
2024-09-04,-1111,12069.721700000002
2024-09-05,243,12312.721700000002
2024-09-06,133,12445.721700000002
2024-09-09,-233,12212.721700000002
2024-09-10,-78,12134.721700000002
2024-09-11,1,12135.721700000002
2024-09-12,697,12832.721700000002
2024-09-13,112,12944.721700000002
2024-09-16,-3.37336,12941.348340000002
2024-09-18,-140,12801.348340000002
2024-09-19,381,13182.348340000002
2024-09-20,141,13323.348340000002
2024-09-23,122,13445.348340000002
2024-09-24,155,13600.348340000002
2024-09-25,299,13899.348340000002
2024-09-26,165,14064.348340000002
2024-09-27,-65,13999.348340000002
2024-09-30,-566,13433.348340000002
2024-10-01,65,13498.348340000002
2024-10-04,-103,13395.348340000002
2024-10-07,479,13874.348340000002
2024-10-08,-189,13685.348340000002
2024-10-09,121,13806.348340000002
2024-10-11,212,14018.348340000002
2024-10-14,94,14112.348340000002
2024-10-15,219.56848,14331.916820000002
2024-10-16,-227,14104.916820000002
2024-10-17,195,14299.916820000002
2024-10-18,401,14700.916820000002
2024-10-21,-83,14617.916820000002
2024-10-22,47,14664.916820000002
2024-10-23,-212,14452.916820000002
2024-10-24,-119,14333.916820000002
2024-10-25,186,14519.916820000002
2024-10-28,-154,14365.916820000002
2024-10-29,-343,14022.916820000002
2024-10-30,-78,13944.916820000002
2024-11-01,-134,13810.916820000002
2024-11-04,269,14079.916820000002
2024-11-05,101,14180.916820000002
2024-11-06,182,14362.916820000002
2024-11-07,206,14568.916820000002
2024-11-08,249,14817.916820000002
2024-11-11,-202,14615.916820000002
2024-11-12,-697,13918.916820000002
2024-11-13,-89,13829.916820000002
2024-11-14,-94,13735.916820000002
2024-11-15,70,13805.916820000002
2024-11-18,-189,13616.916820000002
2024-11-19,271.5842,13888.501020000002
2024-11-20,-116,13772.501020000002
2024-11-21,-204,13568.501020000002
2024-11-22,457,14025.501020000002
2024-11-25,30,14055.501020000002
2024-11-26,-428,13627.501020000002
2024-11-27,-282,13345.501020000002
2024-11-28,-22,13323.501020000002
2024-11-29,-23,13300.501020000002
2024-12-02,515,13815.501020000002
2024-12-03,289,14104.501020000002
2024-12-04,175,14279.501020000002
2024-12-05,-34,14245.501020000002
2024-12-06,-72,14173.501020000002
2024-12-09,70,14243.501020000002
2024-12-10,-172,14071.501020000002
2024-12-11,-231,13840.501020000002
2024-12-12,260,14100.501020000002
2024-12-13,-123,13977.501020000002
2024-12-16,-18,13959.501020000002
2024-12-17,60.57616,14020.077180000002
2024-12-18,83,14103.077180000002
2024-12-19,-327,13776.077180000002
2024-12-20,-221,13555.077180000002
2024-12-23,602,14157.077180000002
2024-12-24,-32,14125.077180000002
2024-12-25,125,14250.077180000002
2024-12-26,0,14250.077180000002
2024-12-27,46,14296.077180000002
2024-12-30,-201,14095.077180000002
2024-12-31,-127,13968.077180000002
2025-01-02,-201,13767.077180000002
2025-01-03,134,13901.077180000002
2025-01-06,629,14530.077180000002
2025-01-07,136,14666.077180000002
2025-01-08,-293,14373.077180000002
2025-01-09,-350,14023.077180000002
2025-01-10,-41,13982.077180000002
2025-01-13,-518,13464.077180000002
2025-01-14,210.58704,13674.664220000002
2025-01-15,-309,13365.664220000002
2025-01-16,520,13885.664220000002
2025-01-17,153,14038.664220000002
2025-01-20,155,14193.664220000002
2025-01-21,18,14211.664220000002
2025-01-22,328,14539.664220000002
2025-02-03,-1093,13446.664220000002
2025-02-04,229,13675.664220000002
2025-02-05,312,13987.664220000002
2025-02-06,158,14145.664220000002
2025-02-07,133,14278.664220000002
2025-02-10,-192,14086.664220000002
2025-02-11,98,14184.664220000002
2025-02-12,-23,14161.664220000002
2025-02-13,90,14251.664220000002
2025-02-14,-221,14030.664220000002
2025-02-17,326,14356.664220000002
2025-02-18,135.55392,14492.218140000003
2025-02-19,-42,14450.218140000003
2025-02-20,-74,14376.218140000003
2025-02-21,207,14583.218140000003
2025-02-24,-187,14396.218140000003
2025-02-25,-261,14135.218140000003
2025-02-26,122,14257.218140000003
2025-02-27,-228,14029.218140000003
2025-03-03,-465,13564.218140000003
2025-03-04,-136,13428.218140000003
2025-03-05,304,13732.218140000003
2025-03-06,-130,13602.218140000003
2025-03-07,-239,13363.218140000003
2025-03-10,-77,13286.218140000003
2025-03-11,-419,12867.218140000003
2025-03-12,207,13074.218140000003
2025-03-13,-311,12763.218140000003
2025-03-14,39,12802.218140000003
2025-03-17,193,12995.218140000003
2025-03-18,68.61004,13063.828180000002
2025-03-19,-231,12832.828180000002
2025-03-20,347,13179.828180000002
2025-03-21,-184,12995.828180000002
2025-03-24,-30,12965.828180000002
2025-03-25,150,13115.828180000002
2025-03-26,3,13118.828180000002
2025-03-27,-333,12785.828180000002
2025-03-28,-372,12413.828180000002
2025-03-31,-835,11578.828180000002
2025-04-01,423,12001.828180000002
2025-04-02,109,12110.828180000002
2025-04-07,-2129,9981.828180000002
2025-04-08,-998,8983.828180000002
2025-04-09,-985,7998.828180000002
2025-04-10,1718,9716.828180000002
2025-04-11,641,10357.828180000002
2025-04-14,-46,10311.828180000002
2025-04-15,293.70888,10605.537060000002
2025-04-16,-429,10176.537060000002
2025-04-17,18,10194.537060000002
2025-04-18,-33,10161.537060000002
2025-04-21,-235,9926.537060000002
2025-04-22,-296,9630.537060000002
2025-04-23,755,10385.537060000002
2025-04-24,-98,10287.537060000002
2025-04-25,413,10700.537060000002
2025-04-28,92,10792.537060000002
2025-04-29,190,10982.537060000002
2025-04-30,-1,10981.537060000002
2025-05-02,528,11509.537060000002
2025-05-05,-259,11250.537060000002
2025-05-06,-78,11172.537060000002
2025-05-07,32,11204.537060000002
2025-05-08,201,11405.537060000002
2025-05-09,267,11672.537060000002
2025-05-12,228,11900.537060000002
2025-05-13,282,12182.537060000002
2025-05-14,417,12599.537060000002
2025-05-15,-77,12522.537060000002
2025-05-16,128,12650.537060000002
2025-05-19,-285,12365.537060000002
2025-05-20,1.6416399999999998,12367.178700000002
2025-05-21,224,12591.178700000002
2025-05-22,-184,12407.178700000002
2025-05-23,-33,12374.178700000002
2025-05-26,-85,12289.178700000002
2025-05-27,-160,12129.178700000002
2025-05-28,29,12158.178700000002
2025-05-29,67,12225.178700000002
2025-06-02,-447,11778.178700000002
2025-06-03,104,11882.178700000002
2025-06-04,505,12387.178700000002
2025-06-05,75,12462.178700000002
2025-06-06,12,12474.178700000002
2025-06-09,153,12627.178700000002
2025-06-10,397,13024.178700000002
2025-06-11,228,13252.178700000002
2025-06-12,-91,13161.178700000002
2025-06-13,-313,12848.178700000002
2025-06-16,92,12940.178700000002
2025-06-17,127.62836,13067.807060000003
2025-06-18,140,13207.807060000003
2025-06-19,-228,12979.807060000003
2025-06-20,-53,12926.807060000003
2025-06-23,-178,12748.807060000003
2025-06-24,487,13235.807060000003
2025-06-25,204,13439.807060000003
2025-06-26,-48,13391.807060000003
2025-06-27,7,13398.807060000003
2025-06-30,22,13420.807060000003
2025-07-01,208,13628.807060000003
2025-07-02,41,13669.807060000003
2025-07-03,287,13956.807060000003
2025-07-04,-244,13712.807060000003
2025-07-07,-108,13604.807060000003
2025-07-08,-70,13534.807060000003
2025-07-09,176,13710.807060000003
2025-07-10,173,13883.807060000003
2025-07-11,160,14043.807060000003
2025-07-14,-220,13823.807060000003
2025-07-15,253.59324,14077.400300000003
2025-07-16,248,14325.400300000003
2025-07-17,220,14545.400300000003
2025-07-18,123,14668.400300000003
2025-07-21,-40,14628.400300000003
2025-07-22,-224,14404.400300000003
2025-07-23,188,14592.400300000003
2025-07-24,119,14711.400300000003
2025-07-25,-66,14645.400300000003
2025-07-28,148,14793.400300000003
2025-07-29,-234,14559.400300000003
2025-07-30,208,14767.400300000003
2025-07-31,225,14992.400300000003
2025-08-01,-239,14753.400300000003
2025-08-04,-73,14680.400300000003
2025-08-05,305,14985.400300000003
2025-08-06,-160,14825.400300000003
2025-08-07,580,15405.400300000003
2025-08-08,-44,15361.400300000003
2025-08-11,195,15556.400300000003
2025-08-12,-6,15550.400300000003
2025-08-13,201,15751.400300000003
2025-08-14,-91,15660.400300000003
2025-08-15,45,15705.400300000003
2025-08-18,127,15832.400300000003
2025-08-19,-81.47152,15750.928780000004
2025-08-20,-627,15123.928780000004
2025-08-21,191,15314.928780000004
2025-08-22,-102,15212.928780000004
2025-08-25,505,15717.928780000004
2025-08-26,0,15717.928780000004
2025-08-27,209,15926.928780000004
2025-08-28,-240,15686.928780000004
2025-08-29,44,15730.928780000004
2025-09-01,-261,15469.928780000004
2025-09-02,-35,15434.928780000004
2025-09-03,25,15459.928780000004
2025-09-04,133,15592.928780000004
2025-09-05,294,15886.928780000004
2025-09-08,132,16018.928780000004
2025-09-09,247,16265.928780000004
2025-09-10,373,16638.928780000002
2025-09-11,57,16695.928780000002
2025-09-12,225,16920.928780000002
2025-09-15,-111,16809.928780000002
2025-09-16,274.4746,17084.403380000003
2025-09-17,-162,16922.403380000003
2025-09-18,239,17161.403380000003
2025-09-19,-42,17119.403380000003
2025-09-22,223,17342.403380000003
2025-09-23,370,17712.403380000003
2025-09-24,-29,17683.403380000003
2025-09-25,-139,17544.403380000003
2025-09-26,-435,17109.403380000003
2025-09-30,293,17402.403380000003
2025-10-01,90,17492.403380000003
2025-10-02,381,17873.403380000003
2025-10-03,312,18185.403380000003
2025-10-07,581,18766.403380000003
2025-10-08,-224,18542.403380000003
2025-10-09,245,18787.403380000003
2025-10-13,-423,18364.403380000003
2025-10-14,-193.5708,18170.832580000002
2025-10-15,519,18689.832580000002
2025-10-16,529,19218.832580000002
2025-10-17,-490,18728.832580000002
2025-10-20,452,19180.832580000002
2025-10-21,51,19231.832580000002
2025-10-22,-123,19108.832580000002
2025-10-23,-152,18956.832580000002
2025-10-27,663,19619.832580000002
2025-10-28,-214,19405.832580000002
2025-10-29,409,19814.832580000002
2025-10-30,-15,19799.832580000002
2025-10-31,31,19830.832580000002
2025-11-03,-89,19741.832580000002
2025-11-04,-222,19519.832580000002
2025-11-05,-311,19208.832580000002
2025-11-06,226,19434.832580000002
2025-11-07,-313,19121.832580000002
2025-11-10,295,19416.832580000002
2025-11-11,-236,19180.832580000002
2025-11-12,279,19459.832580000002
2025-11-13,-81,19378.832580000002
2025-11-14,-574,18804.832580000002
2025-11-17,77,18881.832580000002
2025-11-18,-670.57288,18211.259700000002
2025-11-19,-216,17995.259700000002
2025-11-20,878,18873.259700000002
2025-11-21,-1008,17865.259700000002
2025-11-24,138,18003.259700000002
2025-11-25,319,18322.259700000002
2025-11-26,406,18728.259700000002
2025-11-27,240,18968.259700000002
2025-11-28,158,19126.259700000002
2025-12-01,-331,18795.259700000002
2025-12-02,153,18948.259700000002
2025-12-03,201,19149.259700000002
2025-12-04,38,19187.259700000002
2025-12-05,212,19399.259700000002
2025-12-08,274,19673.259700000002
2025-12-09,-67,19606.259700000002
2025-12-10,183,19789.259700000002
2025-12-11,-299,19490.259700000002
2025-12-12,189,19679.259700000002
2025-12-15,-380,19299.259700000002
2025-12-16,-278.60912,19020.65058
2025-12-17,-39,18981.65058
2025-12-18,-91,18890.65058
2025-12-19,299,19189.65058
2025-12-22,444,19633.65058
2025-12-23,74,19707.65058
2025-12-24,52,19759.65058
2025-12-26,210,19969.65058
2025-12-29,263,20232.65058
2025-12-30,-65,20167.65058
2025-12-31,137.16972,20304.820300000003
