date,contract_month,future,index,basis,days_to_expiry
2021-01-04,202101,14873,14902.03,-29.030000000000655,16
2021-01-05,202101,14976,15000.03,-24.030000000000655,15
2021-01-06,202101,14911,14983.13,-72.1299999999992,14
2021-01-07,202101,15226,15214,12,13
2021-01-08,202101,15451,15463.95,-12.950000000000728,12
2021-01-11,202101,15531,15557.3,-26.299999999999272,9
2021-01-12,202101,15489,15500.7,-11.700000000000728,8
2021-01-13,202101,15759,15769.98,-10.979999999999563,7
2021-01-14,202101,15727,15707.19,19.80999999999949,6
2021-01-15,202101,15632,15616.39,15.610000000000582,5
2021-01-18,202101,15608,15612,-4,2
2021-01-19,202101,15888,15877.37,10.6299999999992,1
2021-01-20,202101,15766,15806.18,-40.18000000000029,0
2021-01-21,202102,16125,16153.77,-28.770000000000437,27
2021-01-22,202102,15977,16019.03,-42.030000000000655,26
2021-01-25,202102,15911,15946.54,-35.54000000000087,23
2021-01-26,202102,15628,15658.85,-30.850000000000364,22
2021-01-27,202102,15657,15701.45,-44.45000000000073,21
2021-01-28,202102,15382,15415.88,-33.8799999999992,20
2021-01-29,202102,15070,15138.31,-68.30999999999949,19
2021-02-01,202102,15362,15410.09,-48.090000000000146,16
2021-02-02,202102,15752,15760.05,-8.049999999999272,15
2021-02-03,202102,15773,15771.32,1.680000000000291,14
2021-02-04,202102,15696,15706.22,-10.219999999999345,13
2021-02-05,202102,15802,15802.4,-0.3999999999996362,12
2021-02-17,202102,16326,16362.29,-36.29000000000087,0
2021-02-18,202103,16380,16424.51,-44.5099999999984,27
2021-02-19,202103,16309,16341.38,-32.3799999999992,26
2021-02-22,202103,16382,16410.16,-28.159999999999854,23
2021-02-23,202103,16434,16443.4,-9.400000000001455,22
2021-02-24,202103,16181,16212.53,-31.530000000000655,21
2021-02-25,202103,16387,16452.18,-65.18000000000029,20
2021-02-26,202103,15931,15953.8,-22.799999999999272,19
2021-03-02,202103,15904,15946.88,-42.8799999999992,15
2021-03-03,202103,16179,16211.73,-32.72999999999956,14
2021-03-04,202103,15922,15906.41,15.590000000000146,13
2021-03-05,202103,15847,15855.23,-8.229999999999563,12
2021-03-08,202103,15819,15820.11,-1.110000000000582,9
2021-03-09,202103,15822,15853.09,-31.090000000000146,8
2021-03-10,202103,15885,15911.67,-26.670000000000073,7
2021-03-11,202103,16169,16179.56,-10.55999999999949,6
2021-03-12,202103,16223,16255.18,-32.18000000000029,5
2021-03-15,202103,16199,16249.33,-50.32999999999993,2
2021-03-16,202103,16305,16313.16,-8.159999999999854,1
2021-03-17,202103,16176,16215.82,-39.81999999999971,0
2021-03-18,202104,16235,16287.84,-52.840000000000146,34
2021-03-19,202104,16010,16070.24,-60.23999999999978,33
2021-03-22,202104,16137,16189.22,-52.219999999999345,30
2021-03-23,202104,16119,16177.59,-58.590000000000146,29
2021-03-24,202104,15981,16032.12,-51.1200000000008,28
2021-03-25,202104,16030,16060.14,-30.139999999999418,27
2021-03-26,202104,16285,16305.88,-20.8799999999992,26
2021-03-29,202104,16408,16475.97,-67.97000000000116,23
2021-03-30,202104,16520,16554.9,-34.900000000001455,22
2021-03-31,202104,16423,16431.13,-8.130000000001019,21
2021-04-01,202104,16549,16571.28,-22.279999999998836,20
2021-04-06,202104,16728,16739.87,-11.869999999998981,15
2021-04-07,202104,16767,16815.36,-48.36000000000058,14
2021-04-08,202104,16927,16926.44,0.5600000000013097,13
2021-04-09,202104,16839,16854.1,-15.099999999998545,12
2021-04-12,202104,16835,16859.7,-24.700000000000728,9
2021-04-13,202104,16793,16824.91,-31.909999999999854,8
2021-04-14,202104,16857,16865.97,-8.970000000001164,7
2021-04-15,202104,17069,17076.73,-7.729999999999563,6
2021-04-16,202104,17156,17158.81,-2.8100000000013097,5
2021-04-19,202104,17269,17263.28,5.720000000001164,2
2021-04-20,202104,17320,17323.87,-3.8699999999989814,1
2021-04-21,202104,17231,17202.11,28.889999999999418,0
2021-04-22,202105,17106,17096.97,9.029999999998836,27
2021-04-23,202105,17255,17300.27,-45.27000000000044,26
2021-04-26,202105,17526,17572.29,-46.29000000000087,23
2021-04-27,202105,17570,17595.9,-25.900000000001455,22
2021-04-28,202105,17533,17567.53,-34.529999999998836,21
2021-04-29,202105,17569,17566.66,2.3400000000001455,20
2021-05-03,202105,17254,17222.35,31.650000000001455,16
2021-05-04,202105,16931,16933.78,-2.779999999998836,15
2021-05-05,202105,16765,16843.44,-78.43999999999869,14
2021-05-06,202105,16945,16994.36,-49.36000000000058,13
2021-05-07,202105,17283,17285,-2,12
2021-05-10,202105,17229,17235.61,-6.610000000000582,9
2021-05-11,202105,16561,16583.13,-22.13000000000102,8
2021-05-12,202105,15697,15902.37,-205.3700000000008,7
2021-05-13,202105,15566,15670.1,-104.10000000000036,6
2021-05-14,202105,15766,15827.09,-61.090000000000146,5
2021-05-17,202105,15263,15353.89,-90.88999999999942,2
2021-05-18,202105,16147,16145.98,1.0200000000004366,1
2021-05-19,202105,16138,16132.66,5.3400000000001455,0
2021-05-20,202106,15974,16042.36,-68.36000000000058,27
2021-05-21,202106,16259,16302.06,-43.05999999999949,26
2021-05-24,202106,16291,16338.29,-47.29000000000087,23
2021-05-25,202106,16584,16595.67,-11.669999999998254,22
2021-05-26,202106,16614,16643.69,-29.68999999999869,21
2021-05-27,202106,16533,16601.61,-68.61000000000058,20
2021-05-28,202106,16863,16870.86,-7.860000000000582,19
2021-05-31,202106,17011,17068.43,-57.43000000000029,16
2021-06-01,202106,17131,17162.38,-31.38000000000102,15
2021-06-02,202106,17102,17165.04,-63.04000000000087,14
2021-06-03,202106,17226,17246.16,-20.159999999999854,13
2021-06-04,202106,17103,17147.41,-44.409999999999854,12
2021-06-07,202106,17090,17083.91,6.0900000000001455,9
2021-06-08,202106,17090,17076.21,13.790000000000873,8
2021-06-09,202106,16959,16966.22,-7.220000000001164,7
2021-06-10,202106,17157,17159.22,-2.220000000001164,6
2021-06-11,202106,17217,17213.52,3.4799999999995634,5
2021-06-15,202106,17397,17371.29,25.709999999999127,1
2021-06-16,202106,17345,17307.86,37.13999999999942,0
2021-06-17,202107,17295,17390.61,-95.61000000000058,34
2021-06-18,202107,17254,17318.54,-64.54000000000087,33
2021-06-21,202107,16963,17062.98,-99.97999999999956,30
2021-06-22,202107,17026,17075.55,-49.54999999999927,29
2021-06-23,202107,17267,17336.71,-69.70999999999913,28
2021-06-24,202107,17338,17407.96,-69.95999999999913,27
2021-06-25,202107,17423,17502.99,-79.9900000000016,26
2021-06-28,202107,17533,17590.97,-57.970000000001164,23
2021-06-29,202107,17530,17598.19,-68.18999999999869,22
2021-06-30,202107,17712,17755.46,-43.45999999999913,21
2021-07-01,202107,17646,17713.94,-67.93999999999869,20
2021-07-02,202107,17649,17710.15,-61.150000000001455,19
2021-07-05,202107,17896,17919.33,-23.330000000001746,16
2021-07-06,202107,17875,17913.07,-38.06999999999971,15
2021-07-07,202107,17826,17850.69,-24.68999999999869,14
2021-07-08,202107,17823,17866.09,-43.090000000000146,13
2021-07-09,202107,17661,17661.48,-0.47999999999956344,12
2021-07-12,202107,17826,17814.33,11.669999999998254,9
2021-07-13,202107,17869,17847.52,21.479999999999563,8
2021-07-14,202107,17871,17845.75,25.25,7
2021-07-15,202107,18021,18034.19,-13.18999999999869,6
2021-07-16,202107,17924,17895.25,28.75,5
2021-07-19,202107,17793,17789.25,3.75,2
2021-07-20,202107,17558,17528.74,29.2599999999984,1
2021-07-21,202107,17430,17458.79,-28.790000000000873,0
2021-07-22,202108,17406,17572.33,-166.33000000000175,27
2021-07-23,202108,17406,17572.92,-166.91999999999825,26
2021-07-26,202108,17203,17403.56,-200.5600000000013,23
2021-07-27,202108,17168,17269.87,-101.86999999999898,22
2021-07-28,202108,16965,17135.22,-170.22000000000116,21
2021-07-29,202108,17327,17402.81,-75.81000000000131,20
2021-07-30,202108,17174,17247.41,-73.40999999999985,19
2021-08-02,202108,17467,17503.28,-36.279999999998836,16
2021-08-03,202108,17482,17553.76,-71.7599999999984,15
2021-08-04,202108,17571,17623.89,-52.88999999999942,14
2021-08-05,202108,17544,17603.12,-59.11999999999898,13
2021-08-06,202108,17439,17526.28,-87.27999999999884,12
2021-08-09,202108,17406,17485.15,-79.15000000000146,9
2021-08-10,202108,17295,17323.64,-28.639999999999418,8
2021-08-11,202108,17170,17227.18,-57.18000000000029,7
2021-08-12,202108,17158,17219.94,-61.93999999999869,6
2021-08-13,202108,16936,16982.11,-46.11000000000058,5
2021-08-16,202108,16774,16858.77,-84.77000000000044,2
2021-08-17,202108,16578,16661.36,-83.36000000000058,1
2021-08-18,202108,16784,16826.27,-42.27000000000044,0
2021-08-19,202109,16328,16375.4,-47.399999999999636,27
2021-08-20,202109,16188,16341.94,-153.9400000000005,26
2021-08-23,202109,16679,16741.84,-62.840000000000146,23
2021-08-24,202109,16781,16818.73,-37.72999999999956,22
2021-08-25,202109,16962,17045.86,-83.86000000000058,21
2021-08-26,202109,16993,17066.96,-73.95999999999913,20
2021-08-27,202109,17172,17209.93,-37.93000000000029,19
2021-08-30,202109,17335,17396.52,-61.52000000000044,16
2021-08-31,202109,17455,17490.29,-35.29000000000087,15
2021-09-01,202109,17474,17473.99,0.00999999999839929,14
2021-09-02,202109,17319,17319.76,-0.7599999999983993,13
2021-09-03,202109,17508,17516.92,-8.919999999998254,12
2021-09-06,202109,17493,17495.3,-2.2999999999992724,9
2021-09-07,202109,17424,17428.87,-4.869999999998981,8
2021-09-08,202109,17260,17270.49,-10.4900000000016,7
2021-09-09,202109,17238,17304.33,-66.33000000000175,6
2021-09-10,202109,17473,17474.57,-1.569999999999709,5
2021-09-13,202109,17441,17446.31,-5.31000000000131,2
2021-09-14,202109,17462,17434.9,27.099999999998545,1
2021-09-15,202109,17382,17354,28,0
2021-09-16,202110,17247,17278.7,-31.700000000000728,34
2021-09-17,202110,17294,17276.79,17.209999999999127,33
2021-09-22,202110,16900,16925.82,-25.81999999999971,28
2021-09-23,202110,17080,17078.22,1.7799999999988358,27
2021-09-24,202110,17248,17260.19,-12.18999999999869,26
2021-09-27,202110,17292,17313.77,-21.770000000000437,23
2021-09-28,202110,17170,17181.44,-11.43999999999869,22
2021-09-29,202110,16818,16855.46,-37.45999999999913,21
2021-09-30,202110,16919,16934.77,-15.770000000000437,20
2021-10-01,202110,16518,16570.89,-52.88999999999942,19
2021-10-04,202110,16361,16408.35,-47.349999999998545,16
2021-10-05,202110,16395,16460.75,-65.75,15
2021-10-06,202110,16362,16393.16,-31.159999999999854,14
2021-10-07,202110,16699,16713.86,-14.860000000000582,13
2021-10-08,202110,16625,16640.43,-15.430000000000291,12
2021-10-12,202110,16419,16462.84,-43.840000000000146,8
2021-10-13,202110,16321,16347.99,-26.98999999999978,7
2021-10-14,202110,16402,16387.28,14.720000000001164,6
2021-10-15,202110,16780,16781.19,-1.1899999999986903,5
2021-10-18,202110,16721,16705.46,15.540000000000873,2
2021-10-19,202110,16903,16900.67,2.3300000000017462,1
2021-10-20,202110,16882,16887.82,-5.819999999999709,0
2021-10-21,202111,16815,16889.51,-74.5099999999984,27
2021-10-22,202111,16853,16888.74,-35.7400000000016,26
2021-10-25,202111,16891,16894.24,-3.2400000000016007,23
2021-10-26,202111,17044,17034.34,9.659999999999854,22
2021-10-27,202111,17068,17074.55,-6.549999999999272,21
2021-10-28,202111,17039,17041.63,-2.6300000000010186,20
2021-10-29,202111,16946,16987.41,-41.409999999999854,19
2021-11-01,202111,17080,17068.24,11.7599999999984,16
2021-11-02,202111,17047,17065.97,-18.970000000001164,15
2021-11-03,202111,17091,17122.16,-31.159999999999854,14
2021-11-04,202111,17073,17078.86,-5.860000000000582,13
2021-11-05,202111,17269,17296.9,-27.900000000001455,12
2021-11-08,202111,17423,17415.3,7.700000000000728,9
2021-11-09,202111,17551,17541.36,9.639999999999418,8
2021-11-10,202111,17554,17559.65,-5.650000000001455,7
2021-11-11,202111,17473,17452.52,20.479999999999563,6
2021-11-12,202111,17544,17518.13,25.86999999999898,5
2021-11-15,202111,17664,17634.47,29.529999999998836,2
2021-11-16,202111,17698,17693.13,4.869999999998981,1
2021-11-17,202111,17722,17764.04,-42.04000000000087,0
2021-11-18,202112,17859,17841.37,17.63000000000102,27
2021-11-19,202112,17852,17818.31,33.68999999999869,26
2021-11-22,202112,17836,17803.54,32.45999999999913,23
2021-11-23,202112,17659,17666.12,-7.119999999998981,22
2021-11-24,202112,17680,17642.52,37.47999999999956,21
2021-11-25,202112,17673,17654.19,18.81000000000131,20
2021-11-26,202112,17342,17369.39,-27.389999999999418,19
2021-11-29,202112,17311,17328.09,-17.090000000000146,16
2021-11-30,202112,17330,17427.76,-97.7599999999984,15
2021-12-01,202112,17584,17585.99,-1.9900000000016007,14
2021-12-02,202112,17704,17724.88,-20.88000000000102,13
2021-12-03,202112,17706,17697.14,8.860000000000582,12
2021-12-06,202112,17692,17688.21,3.790000000000873,9
2021-12-07,202112,17795,17796.92,-1.9199999999982538,8
2021-12-08,202112,17853,17832.42,20.580000000001746,7
2021-12-09,202112,17910,17914.12,-4.119999999998981,6
2021-12-10,202112,17818,17826.26,-8.2599999999984,5
2021-12-13,202112,17753,17767.6,-14.599999999998545,2
2021-12-14,202112,17602,17599.37,2.6300000000010186,1
2021-12-15,202112,17630,17660.1,-30.099999999998545,0
2021-12-16,202201,17804,17785.74,18.2599999999984,34
2021-12-17,202201,17785,17812.59,-27.590000000000146,33
2021-12-20,202201,17582,17669.11,-87.11000000000058,30
2021-12-21,202201,17796,17789.27,6.729999999999563,29
2021-12-22,202201,17832,17826.83,5.169999999998254,28
2021-12-23,202201,17951,17946.66,4.3400000000001455,27
2021-12-24,202201,17957,17961.64,-4.639999999999418,26
2021-12-27,202201,18070,18048.94,21.06000000000131,23
2021-12-28,202201,18206,18196.81,9.18999999999869,22
2021-12-29,202201,18274,18248.28,25.720000000001164,21
2021-12-30,202201,18209,18218.84,-9.840000000000146,20
2022-01-03,202201,18272,18270.51,1.4900000000016007,16
2022-01-04,202201,18514,18526.35,-12.349999999998545,15
2022-01-05,202201,18480,18499.96,-19.959999999999127,14
2022-01-06,202201,18337,18367.92,-30.919999999998254,13
2022-01-07,202201,18146,18169.76,-23.7599999999984,12
2022-01-10,202201,18260,18239.38,20.61999999999898,9
2022-01-11,202201,18279,18288.21,-9.209999999999127,8
2022-01-12,202201,18376,18375.4,0.5999999999985448,7
2022-01-13,202201,18425,18436.93,-11.930000000000291,6
2022-01-14,202201,18360,18403.33,-43.330000000001746,5
2022-01-17,202201,18508,18525.44,-17.43999999999869,2
2022-01-18,202201,18350,18378.64,-28.639999999999418,1
2022-01-19,202201,18218,18227.46,-9.459999999999127,0
2022-01-20,202202,18224,18218.28,5.720000000001164,27
2022-01-21,202202,17896,17899.3,-3.2999999999992724,26
2022-01-24,202202,17957,17989.04,-32.04000000000087,23
2022-01-25,202202,17674,17701.12,-27.11999999999898,22
2022-01-26,202202,17624,17674.4,-50.400000000001455,21
2022-02-07,202202,17896,17900.3,-4.299999999999272,9
2022-02-08,202202,17942,17966.56,-24.56000000000131,8
2022-02-09,202202,18164,18151.76,12.2400000000016,7
2022-02-10,202202,18334,18338.05,-4.049999999999272,6
2022-02-11,202202,18273,18310.94,-37.93999999999869,5
2022-02-14,202202,17977,17997.67,-20.669999999998254,2
2022-02-15,202202,17955,17951.81,3.1899999999986903,1
2022-02-16,202202,18207,18231.47,-24.470000000001164,0
2022-02-17,202203,18244,18268.57,-24.56999999999971,27
2022-02-18,202203,18227,18232.35,-5.349999999998545,26
2022-02-21,202203,18212,18221.49,-9.4900000000016,23
2022-02-22,202203,17880,17969.29,-89.29000000000087,22
2022-02-23,202203,18042,18055.73,-13.729999999999563,21
2022-02-24,202203,17513,17594.55,-81.54999999999927,20
2022-02-25,202203,17610,17652.18,-42.18000000000029,19
2022-03-01,202203,17912,17898.25,13.75,15
2022-03-02,202203,17838,17867.6,-29.599999999998545,14
2022-03-03,202203,17929,17934.4,-5.400000000001455,13
2022-03-04,202203,17668,17736.52,-68.52000000000044,12
2022-03-07,202203,17058,17178.69,-120.68999999999869,9
2022-03-08,202203,16707,16825.25,-118.25,8
2022-03-09,202203,16949,17015.36,-66.36000000000058,7
2022-03-10,202203,17436,17433.2,2.7999999999992724,6
2022-03-11,202203,17226,17264.74,-38.7400000000016,5
2022-03-14,202203,17240,17263.04,-23.040000000000873,2
2022-03-15,202203,16885,16926.06,-41.06000000000131,1
2022-03-16,202203,16937,16940.83,-3.8300000000017462,0
2022-03-17,202204,17444,17448.22,-4.220000000001164,34
2022-03-18,202204,17393,17456.52,-63.52000000000044,33
2022-03-21,202204,17491,17560.36,-69.36000000000058,30
2022-03-22,202204,17522,17559.71,-37.70999999999913,29
2022-03-23,202204,17699,17731.37,-32.36999999999898,28
2022-03-24,202204,17669,17699.06,-30.06000000000131,27
2022-03-25,202204,17621,17676.95,-55.95000000000073,26
2022-03-28,202204,17437,17520.01,-83.0099999999984,23
2022-03-29,202204,17546,17548.66,-2.6599999999998545,22
2022-03-30,202204,17740,17740.56,-0.5600000000013097,21
2022-03-31,202204,17634,17693.47,-59.470000000001164,20
2022-04-01,202204,17557,17625.59,-68.59000000000015,19
2022-04-06,202204,17505,17522.5,-17.5,14
2022-04-07,202204,17142,17178.63,-36.63000000000102,13
2022-04-08,202204,17304,17284.54,19.459999999999127,12
2022-04-11,202204,17037,17048.37,-11.369999999998981,9
2022-04-12,202204,17000,16990.91,9.090000000000146,8
2022-04-13,202204,17316,17301.65,14.349999999998545,7
2022-04-14,202204,17295,17245.65,49.349999999998545,6
2022-04-15,202204,16980,17004.18,-24.18000000000029,5
2022-04-18,202204,16884,16898.87,-14.869999999998981,2
2022-04-19,202204,17004,16993.4,10.599999999998545,1
2022-04-20,202204,17125,17148.88,-23.88000000000102,0
2022-04-21,202205,17126,17127.95,-1.9500000000007276,27
2022-04-22,202205,16992,17025.09,-33.090000000000146,26
2022-04-25,202205,16572,16620.9,-48.900000000001455,23
2022-04-26,202205,16585,16644.79,-59.79000000000087,22
2022-04-27,202205,16287,16303.35,-16.350000000000364,21
2022-04-28,202205,16388,16419.38,-31.38000000000102,20
2022-04-29,202205,16581,16592.18,-11.180000000000291,19
2022-05-03,202205,16472,16498.9,-26.900000000001455,15
2022-05-04,202205,16519,16565.83,-46.830000000001746,14
2022-05-05,202205,16685,16696.12,-11.119999999998981,13
2022-05-06,202205,16356,16408.2,-52.20000000000073,12
2022-05-09,202205,16027,16048.92,-21.920000000000073,9
2022-05-10,202205,16038,16061.7,-23.700000000000728,8
2022-05-11,202205,16007,16006.25,0.75,7
2022-05-12,202205,15630,15616.68,13.319999999999709,6
2022-05-13,202205,15849,15832.54,16.459999999999127,5
2022-05-16,202205,15922,15901.04,20.959999999999127,2
2022-05-17,202205,16075,16056.09,18.909999999999854,1
2022-05-18,202205,16302,16296.86,5.139999999999418,0
2022-05-19,202206,15911,16020.32,-109.31999999999971,27
2022-05-20,202206,16136,16144.85,-8.850000000000364,26
2022-05-23,202206,16143,16156.41,-13.409999999999854,23
2022-05-24,202206,15926,15963.63,-37.6299999999992,22
2022-05-25,202206,16061,16104.03,-43.030000000000655,21
2022-05-26,202206,15950,15968.83,-18.829999999999927,20
2022-05-27,202206,16229,16266.22,-37.219999999999345,19
2022-05-30,202206,16559,16610.62,-51.61999999999898,16
2022-05-31,202206,16681,16807.77,-126.77000000000044,15
2022-06-01,202206,16608,16675.09,-67.09000000000015,14
2022-06-02,202206,16533,16552.57,-19.56999999999971,13
2022-06-06,202206,16600,16605.96,-5.959999999999127,9
2022-06-07,202206,16461,16512.88,-51.88000000000102,8
2022-06-08,202206,16641,16670.51,-29.5099999999984,7
2022-06-09,202206,16577,16621.34,-44.340000000000146,6
2022-06-10,202206,16474,16460.12,13.880000000001019,5
2022-06-13,202206,16050,16070.98,-20.979999999999563,2
2022-06-14,202206,16052,16047.37,4.6299999999992,1
2022-06-15,202206,16062,15999.25,62.75,0
2022-06-16,202207,15411,15838.61,-427.6100000000006,34
2022-06-17,202207,15202,15641.26,-439.2600000000002,33
2022-06-20,202207,15031,15367.58,-336.5799999999999,30
2022-06-21,202207,15346,15728.64,-382.6399999999994,29
2022-06-22,202207,15015,15347.75,-332.75,28
2022-06-23,202207,14939,15176.44,-237.4400000000005,27
2022-06-24,202207,15053,15303.32,-250.3199999999997,26
2022-06-27,202207,15277,15548.01,-271.0100000000002,23
2022-06-28,202207,15194,15439.92,-245.92000000000007,22
2022-06-29,202207,15016,15240.13,-224.1299999999992,21
2022-06-30,202207,14624,14825.73,-201.72999999999956,20
2022-07-01,202207,14175,14343.08,-168.07999999999993,19
2022-07-04,202207,14152,14217.06,-65.05999999999949,16
2022-07-05,202207,14209,14349.2,-140.20000000000073,15
2022-07-06,202207,13879,13985.51,-106.51000000000022,14
2022-07-07,202207,14187,14336.27,-149.27000000000044,13
2022-07-08,202207,14332,14464.53,-132.53000000000065,12
2022-07-11,202207,14278,14340.53,-62.530000000000655,9
2022-07-12,202207,13914,13950.62,-36.6200000000008,8
2022-07-13,202207,14281,14324.68,-43.68000000000029,7
2022-07-14,202207,14386,14438.52,-52.52000000000044,6
2022-07-15,202207,14479,14550.62,-71.6200000000008,5
2022-07-18,202207,14647,14719.64,-72.63999999999942,2
2022-07-19,202207,14678,14694.08,-16.079999999999927,1
2022-07-20,202207,14712,14733.22,-21.219999999999345,0
2022-07-21,202208,14747,14937.7,-190.70000000000073,27
2022-07-22,202208,14755,14949.36,-194.36000000000058,26
2022-07-25,202208,14793,14936.33,-143.32999999999993,23
2022-07-26,202208,14707,14806.78,-99.78000000000065,22
2022-07-27,202208,14791,14921.59,-130.59000000000015,21
2022-07-28,202208,14833,14891.9,-58.899999999999636,20
2022-07-29,202208,14940,15000.07,-60.06999999999971,19
2022-08-01,202208,14870,14981.69,-111.69000000000051,16
2022-08-02,202208,14645,14747.23,-102.22999999999956,15
2022-08-03,202208,14672,14777.02,-105.02000000000044,14
2022-08-04,202208,14654,14702.2,-48.20000000000073,13
2022-08-05,202208,15011,15036.04,-25.040000000000873,12
2022-08-08,202208,14961,15020.41,-59.409999999999854,9
2022-08-09,202208,15016,15050.28,-34.280000000000655,8
2022-08-10,202208,14878,14939.02,-61.02000000000044,7
2022-08-11,202208,15184,15197.85,-13.850000000000364,6
2022-08-12,202208,15274,15288.97,-14.969999999999345,5
2022-08-15,202208,15385,15417.35,-32.350000000000364,2
2022-08-16,202208,15425,15420.57,4.430000000000291,1
2022-08-17,202208,15452,15465.45,-13.450000000000728,0
2022-08-18,202209,15317,15396.76,-79.76000000000022,34
2022-08-19,202209,15354,15408.78,-54.780000000000655,33
2022-08-22,202209,15179,15245.14,-66.13999999999942,30
2022-08-23,202209,15028,15095.89,-67.88999999999942,29
2022-08-24,202209,15035,15069.19,-34.19000000000051,28
2022-08-25,202209,15170,15200.04,-30.040000000000873,27
2022-08-26,202209,15241,15278.44,-37.44000000000051,26
2022-08-29,202209,14820,14926.19,-106.19000000000051,23
2022-08-30,202209,14949,14953.63,-4.6299999999992,22
2022-08-31,202209,15042,15095.44,-53.44000000000051,21
2022-09-01,202209,14737,14801.86,-64.86000000000058,20
2022-09-02,202209,14598,14673.04,-75.04000000000087,19
2022-09-05,202209,14613,14661.1,-48.100000000000364,16
2022-09-06,202209,14635,14677.2,-42.20000000000073,15
2022-09-07,202209,14357,14410.05,-53.04999999999927,14
2022-09-08,202209,14545,14583.42,-38.42000000000007,13
2022-09-12,202209,14797,14807.43,-10.430000000000291,9
2022-09-13,202209,14875,14894.41,-19.409999999999854,8
2022-09-14,202209,14578,14658.31,-80.30999999999949,7
2022-09-15,202209,14642,14670.04,-28.040000000000873,6
2022-09-16,202209,14485,14561.76,-76.76000000000022,5
2022-09-19,202209,14420,14425.68,-5.680000000000291,2
2022-09-20,202209,14558,14549.3,8.700000000000728,1
2022-09-21,202209,14402,14424.52,-22.520000000000437,0
2022-09-22,202210,14239,14284.63,-45.6299999999992,27
2022-09-23,202210,14118,14118.38,-0.37999999999919964,26
2022-09-26,202210,13762,13778.19,-16.19000000000051,23
2022-09-27,202210,13815,13826.59,-11.590000000000146,22
2022-09-28,202210,13515,13466.07,48.93000000000029,21
2022-09-29,202210,13523,13534.26,-11.260000000000218,20
2022-09-30,202210,13394,13424.58,-30.579999999999927,19
2022-10-03,202210,13303,13300.48,2.5200000000004366,16
2022-10-04,202210,13593,13576.52,16.479999999999563,15
2022-10-05,202210,13814,13801.43,12.569999999999709,14
2022-10-06,202210,13871,13892.05,-21.049999999999272,13
2022-10-07,202210,13688,13702.28,-14.280000000000655,12
2022-10-11,202210,13090,13106.03,-16.030000000000655,8
2022-10-12,202210,13072,13081.24,-9.239999999999782,7
2022-10-13,202210,12869,12810.73,58.27000000000044,6
2022-10-14,202210,13168,13128.12,39.8799999999992,5
2022-10-17,202210,12978,12966.05,11.950000000000728,2
2022-10-18,202210,13100,13124.68,-24.68000000000029,1
2022-10-19,202210,12998,12976.76,21.23999999999978,0
2022-10-20,202211,12898,12946.1,-48.100000000000364,27
2022-10-21,202211,12805,12819.2,-14.200000000000728,26
2022-10-24,202211,12884,12856.98,27.020000000000437,23
2022-10-25,202211,12685,12666.12,18.8799999999992,22
2022-10-26,202211,12741,12729.05,11.950000000000728,21
2022-10-27,202211,12956,12926.37,29.6299999999992,20
2022-10-28,202211,12767,12788.42,-21.420000000000073,19
2022-10-31,202211,12943,12949.75,-6.75,16
2022-11-01,202211,13033,13037.21,-4.209999999999127,15
2022-11-02,202211,13084,13100.17,-16.170000000000073,14
2022-11-03,202211,12957,12986.6,-29.600000000000364,13
2022-11-04,202211,13029,13026.71,2.290000000000873,12
2022-11-07,202211,13225,13223.73,1.2700000000004366,9
2022-11-08,202211,13333,13347.76,-14.760000000000218,8
2022-11-09,202211,13593,13638.81,-45.80999999999949,7
2022-11-10,202211,13486,13503.76,-17.76000000000022,6
2022-11-11,202211,14054,14007.56,46.44000000000051,5
2022-11-14,202211,14125,14174.9,-49.899999999999636,2
2022-11-15,202211,14524,14546.31,-22.30999999999949,1
2022-11-16,202211,14499,14537.35,-38.350000000000364,0
2022-11-17,202212,14511,14535.23,-24.229999999999563,34
2022-11-18,202212,14465,14504.99,-39.98999999999978,33
2022-11-21,202212,14431,14449.39,-18.389999999999418,30
2022-11-22,202212,14504,14542.2,-38.20000000000073,29
2022-11-23,202212,14599,14608.54,-9.540000000000873,28
2022-11-24,202212,14774,14784,-10,27
2022-11-25,202212,14710,14778.51,-68.51000000000022,26
2022-11-28,202212,14474,14556.87,-82.8700000000008,23
2022-11-29,202212,14660,14709.64,-49.63999999999942,22
2022-11-30,202212,14802,14879.55,-77.54999999999927,21
2022-12-01,202212,14980,15012.8,-32.79999999999927,20
2022-12-02,202212,14884,14970.68,-86.68000000000029,19
2022-12-05,202212,14930,14980.74,-50.73999999999978,16
2022-12-06,202212,14679,14728.88,-49.8799999999992,15
2022-12-07,202212,14625,14630.01,-5.010000000000218,14
2022-12-08,202212,14495,14553.04,-58.04000000000087,13
2022-12-09,202212,14709,14705.43,3.569999999999709,12
2022-12-12,202212,14583,14612.59,-29.590000000000146,9
2022-12-13,202212,14518,14522.96,-4.959999999999127,8
2022-12-14,202212,14710,14739.36,-29.360000000000582,7
2022-12-15,202212,14713,14734.13,-21.1299999999992,6
2022-12-16,202212,14463,14528.55,-65.54999999999927,5
2022-12-19,202212,14407,14433.32,-26.31999999999971,2
2022-12-20,202212,14153,14170.03,-17.030000000000655,1
2022-12-21,202212,14219,14234.4,-15.399999999999636,0
2022-12-22,202301,14374,14442.94,-68.94000000000051,39
2022-12-23,202301,14189,14271.63,-82.6299999999992,38
2022-12-26,202301,14243,14285.13,-42.1299999999992,35
2022-12-27,202301,14305,14328.43,-23.43000000000029,34
2022-12-28,202301,14112,14173.1,-61.100000000000364,33
2022-12-29,202301,14034,14085.02,-51.02000000000044,32
2022-12-30,202301,14135,14137.69,-2.6900000000005093,31
2023-01-03,202301,14230,14224.12,5.8799999999992,27
2023-01-04,202301,14209,14199.13,9.8700000000008,26
2023-01-05,202301,14289,14301.05,-12.049999999999272,25
2023-01-06,202301,14366,14373.34,-7.3400000000001455,24
2023-01-09,202301,14765,14752.21,12.790000000000873,21
2023-01-10,202301,14810,14802.96,7.040000000000873,20
2023-01-11,202301,14791,14751.44,39.55999999999949,19
2023-01-12,202301,14766,14731.64,34.36000000000058,18
2023-01-13,202301,14834,14824.13,9.8700000000008,17
2023-01-16,202301,14938,14927.01,10.989999999999782,14
2023-01-17,202301,14925,14932.93,-7.930000000000291,13
2023-01-30,202301,15451,15493.82,-42.81999999999971,0
2023-01-31,202302,15268,15265.2,2.7999999999992724,15
2023-02-01,202302,15382,15420.13,-38.1299999999992,14
2023-02-02,202302,15580,15595.16,-15.159999999999854,13
2023-02-03,202302,15581,15602.66,-21.659999999999854,12
2023-02-06,202302,15407,15392.82,14.180000000000291,9
2023-02-07,202302,15397,15400.91,-3.9099999999998545,8
2023-02-08,202302,15604,15618.17,-14.170000000000073,7
2023-02-09,202302,15600,15598.71,1.2900000000008731,6
2023-02-10,202302,15577,15586.65,-9.649999999999636,5
2023-02-13,202302,15532,15544.28,-12.280000000000655,2
2023-02-14,202302,15658,15654.48,3.5200000000004366,1
2023-02-15,202302,15398,15432.89,-34.88999999999942,0
2023-02-16,202303,15543,15550.5,-7.5,27
2023-02-17,202303,15436,15479.7,-43.70000000000073,26
2023-02-20,202303,15524,15551.23,-27.229999999999563,23
2023-02-21,202303,15528,15563,-35,22
2023-02-22,202303,15375,15418.77,-43.77000000000044,21
2023-02-23,202303,15600,15615.41,-15.409999999999854,20
2023-02-24,202303,15541,15503.79,37.20999999999913,19
2023-03-01,202303,15546,15598.49,-52.48999999999978,14
2023-03-02,202303,15542,15598.72,-56.719999999999345,13
2023-03-03,202303,15615,15608.42,6.579999999999927,12
2023-03-06,202303,15772,15763.51,8.489999999999782,9
2023-03-07,202303,15873,15857.89,15.110000000000582,8
2023-03-08,202303,15785,15818.2,-33.20000000000073,7
2023-03-09,202303,15766,15770.66,-4.6599999999998545,6
2023-03-10,202303,15481,15526.2,-45.20000000000073,5
2023-03-13,202303,15519,15560.49,-41.48999999999978,2
2023-03-14,202303,15354,15360.42,-6.420000000000073,1
2023-03-15,202303,15404,15387.59,16.409999999999854,0
2023-03-16,202304,15226,15221.12,4.8799999999992,34
2023-03-17,202304,15405,15452.96,-47.95999999999913,33
2023-03-20,202304,15370,15419.97,-49.969999999999345,30
2023-03-21,202304,15455,15513.45,-58.45000000000073,29
2023-03-22,202304,15715,15760.46,-45.45999999999913,28
2023-03-23,202304,15836,15863.95,-27.950000000000728,27
2023-03-24,202304,15917,15914.7,2.2999999999992724,26
2023-03-27,202304,15829,15830.31,-1.3099999999994907,23
2023-03-28,202304,15689,15701.48,-12.479999999999563,22
2023-03-29,202304,15738,15769.76,-31.76000000000022,21
2023-03-30,202304,15819,15849.43,-30.43000000000029,20
2023-03-31,202304,15864,15868.06,-4.059999999999491,19
2023-04-06,202304,15762,15810.77,-48.77000000000044,13
2023-04-07,202304,15818,15836.5,-18.5,12
2023-04-10,202304,15851,15876.17,-25.170000000000073,9
2023-04-11,202304,15924,15913.88,10.1200000000008,8
2023-04-12,202304,15925,15932.97,-7.969999999999345,7
2023-04-13,202304,15816,15804.76,11.239999999999782,6
2023-04-14,202304,15948,15929.43,18.56999999999971,5
2023-04-17,202304,15970,15963.55,6.450000000000728,2
2023-04-18,202304,15891,15869.44,21.55999999999949,1
2023-04-19,202304,15775,15770.47,4.530000000000655,0
2023-04-20,202305,15731,15707.52,23.479999999999563,27
2023-04-21,202305,15614,15602.99,11.010000000000218,26
2023-04-24,202305,15620,15626.87,-6.8700000000008,23
2023-04-25,202305,15389,15370.73,18.270000000000437,22
2023-04-26,202305,15376,15374.63,1.3700000000008004,21
2023-04-27,202305,15426,15411.49,14.510000000000218,20
2023-04-28,202305,15572,15579.18,-7.180000000000291,19
2023-05-02,202305,15635,15636.48,-1.4799999999995634,15
2023-05-03,202305,15549,15553.41,-4.4099999999998545,14
2023-05-04,202305,15607,15609.03,-2.030000000000655,13
2023-05-05,202305,15642,15626.07,15.930000000000291,12
2023-05-08,202305,15723,15699.57,23.43000000000029,9
2023-05-09,202305,15736,15727.7,8.299999999999272,8
2023-05-10,202305,15610,15641.76,-31.76000000000022,7
2023-05-11,202305,15519,15514.64,4.360000000000582,6
2023-05-12,202305,15506,15502.36,3.639999999999418,5
2023-05-15,202305,15510,15475.05,34.95000000000073,2
2023-05-16,202305,15690,15673.9,16.100000000000364,1
2023-05-17,202305,15954,15925.29,28.709999999999127,0
2023-05-18,202306,16069,16101.88,-32.8799999999992,34
2023-05-19,202306,16127,16174.92,-47.92000000000007,33
2023-05-22,202306,16115,16180.89,-65.88999999999942,30
2023-05-23,202306,16135,16188.03,-53.030000000000655,29
2023-05-24,202306,16069,16159.32,-90.31999999999971,28
2023-05-25,202306,16205,16292,-87,27
2023-05-26,202306,16438,16505.05,-67.04999999999927,26
2023-05-29,202306,16578,16636.3,-58.29999999999927,23
2023-05-30,202306,16573,16622.74,-49.7400000000016,22
2023-05-31,202306,16488,16578.96,-90.95999999999913,21
2023-06-01,202306,16469,16512.65,-43.650000000001455,20
2023-06-02,202306,16711,16706.91,4.0900000000001455,19
2023-06-05,202306,16683,16714.43,-31.43000000000029,16
2023-06-06,202306,16746,16761.66,-15.659999999999854,15
2023-06-07,202306,16890,16922.48,-32.47999999999956,14
2023-06-08,202306,16717,16733.69,-16.68999999999869,13
2023-06-09,202306,16886,16886.4,-0.4000000000014552,12
2023-06-12,202306,16942,16955.37,-13.369999999998981,9
2023-06-13,202306,17218,17216.6,1.4000000000014552,8
2023-06-14,202306,17199,17238.14,-39.13999999999942,7
2023-06-15,202306,17336,17334.98,1.0200000000004366,6
2023-06-16,202306,17269,17288.91,-19.909999999999854,5
2023-06-19,202306,17253,17274.56,-21.56000000000131,2
2023-06-20,202306,17189,17184.91,4.0900000000001455,1
2023-06-21,202306,17229,17202.4,26.599999999998545,0
2023-06-26,202307,16880,17059.24,-179.2400000000016,23
2023-06-27,202307,16742,16887.9,-145.90000000000146,22
2023-06-28,202307,16775,16935.63,-160.63000000000102,21
2023-06-29,202307,16762,16942.3,-180.29999999999927,20
2023-06-30,202307,16787,16915.54,-128.54000000000087,19
2023-07-03,202307,17035,17084.2,-49.20000000000073,16
2023-07-04,202307,17103,17140.77,-37.77000000000044,15
2023-07-05,202307,17005,17056.43,-51.43000000000029,14
2023-07-06,202307,16689,16762.17,-73.16999999999825,13
2023-07-07,202307,16624,16664.21,-40.20999999999913,12
2023-07-10,202307,16553,16652.8,-99.79999999999927,9
2023-07-11,202307,16866,16898.91,-32.909999999999854,8
2023-07-12,202307,16922,16962.03,-40.029999999998836,7
2023-07-13,202307,17086,17061.4,24.599999999998545,6
2023-07-14,202307,17291,17283.71,7.290000000000873,5
2023-07-17,202307,17287,17334.29,-47.29000000000087,2
2023-07-18,202307,17220,17227.91,-7.9099999999998545,1
2023-07-19,202307,17102,17116.44,-14.43999999999869,0
2023-07-20,202308,17126,17164.89,-38.88999999999942,27
2023-07-21,202308,16947,17030.7,-83.70000000000073,26
2023-07-24,202308,16979,17033.61,-54.61000000000058,23
2023-07-25,202308,17182,17198.89,-16.889999999999418,22
2023-07-26,202308,17100,17162.55,-62.54999999999927,21
2023-07-27,202308,17223,17241.82,-18.81999999999971,20
2023-07-28,202308,17262,17292.93,-30.93000000000029,19
2023-07-31,202308,17103,17145.43,-42.43000000000029,16
2023-08-01,202308,17178,17212.87,-34.86999999999898,15
2023-08-02,202308,16820,16893.73,-73.72999999999956,14
2023-08-04,202308,16823,16843.68,-20.68000000000029,12
2023-08-07,202308,17000,16996,4,9
2023-08-08,202308,16852,16877.07,-25.06999999999971,8
2023-08-09,202308,16853,16870.94,-17.93999999999869,7
2023-08-10,202308,16656,16634.7,21.299999999999272,6
2023-08-11,202308,16625,16601.25,23.75,5
2023-08-14,202308,16377,16393.66,-16.659999999999854,2
2023-08-15,202308,16423,16454.8,-31.799999999999272,1
2023-08-16,202308,16364,16446.78,-82.77999999999884,0
2023-08-17,202309,16456,16516.66,-60.659999999999854,34
2023-08-18,202309,16353,16381.31,-28.30999999999949,33
2023-08-21,202309,16348,16381.49,-33.48999999999978,30
2023-08-22,202309,16400,16437.61,-37.61000000000058,29
2023-08-23,202309,16558,16576.9,-18.900000000001455,28
2023-08-24,202309,16756,16770.87,-14.869999999998981,27
2023-08-25,202309,16426,16481.58,-55.580000000001746,26
2023-08-28,202309,16492,16509.26,-17.2599999999984,23
2023-08-29,202309,16624,16623.65,0.3499999999985448,22
2023-08-30,202309,16723,16719.82,3.180000000000291,21
2023-08-31,202309,16620,16634.51,-14.5099999999984,20
2023-09-01,202309,16651,16644.94,6.06000000000131,19
2023-09-04,202309,16778,16789.69,-11.68999999999869,16
2023-09-05,202309,16752,16791.61,-39.61000000000058,15
2023-09-06,202309,16713,16738.16,-25.159999999999854,14
2023-09-07,202309,16563,16619.14,-56.13999999999942,13
2023-09-08,202309,16562,16576.02,-14.020000000000437,12
2023-09-11,202309,16425,16432.95,-7.950000000000728,9
2023-09-12,202309,16570,16572.71,-2.709999999999127,8
2023-09-13,202309,16579,16581.51,-2.5099999999983993,7
2023-09-14,202309,16836,16807.56,28.43999999999869,6
2023-09-15,202309,16904,16920.92,-16.919999999998254,5
2023-09-18,202309,16712,16698.24,13.7599999999984,2
2023-09-19,202309,16606,16636.32,-30.31999999999971,1
2023-09-20,202309,16537,16534.75,2.25,0
2023-09-21,202310,16311,16316.67,-5.670000000000073,27
2023-09-22,202310,16344,16344.48,-0.47999999999956344,26
2023-09-25,202310,16465,16452.23,12.770000000000437,23
2023-09-26,202310,16305,16276.07,28.93000000000029,22
2023-09-27,202310,16311,16310.36,0.6399999999994179,21
2023-09-28,202310,16367,16353.74,13.260000000000218,20
2023-10-02,202310,16556,16557.31,-1.3100000000013097,16
2023-10-03,202310,16411,16454.34,-43.340000000000146,15
2023-10-04,202310,16245,16273.38,-28.3799999999992,14
2023-10-05,202310,16457,16453.52,3.4799999999995634,13
2023-10-06,202310,16528,16520.57,7.430000000000291,12
2023-10-11,202310,16714,16672.03,41.970000000001164,7
2023-10-12,202310,16848,16825.91,22.090000000000146,6
2023-10-13,202310,16771,16782.57,-11.569999999999709,5
2023-10-16,202310,16649,16652.24,-3.2400000000016007,2
2023-10-17,202310,16650,16642.55,7.450000000000728,1
2023-10-18,202310,16426,16440.91,-14.909999999999854,0
2023-10-19,202311,16461,16452.73,8.270000000000437,27
2023-10-20,202311,16414,16440.72,-26.720000000001164,26
2023-10-23,202311,16256,16251.36,4.639999999999418,23
2023-10-24,202311,16333,16309.76,23.23999999999978,22
2023-10-25,202311,16358,16358.89,-0.8899999999994179,21
2023-10-26,202311,16066,16073.74,-7.739999999999782,20
2023-10-27,202311,16152,16134.61,17.389999999999418,19
2023-10-30,202311,16160,16149.68,10.319999999999709,16
2023-10-31,202311,15997,16001.27,-4.270000000000437,15
2023-11-01,202311,16050,16038.56,11.44000000000051,14
2023-11-02,202311,16389,16396.95,-7.950000000000728,13
2023-11-03,202311,16514,16507.65,6.349999999998545,12
2023-11-06,202311,16673,16649.36,23.639999999999418,9
2023-11-07,202311,16708,16684.95,23.049999999999272,8
2023-11-08,202311,16752,16740.83,11.169999999998254,7
2023-11-09,202311,16763,16745.65,17.349999999998545,6
2023-11-10,202311,16732,16682.67,49.330000000001746,5
2023-11-13,202311,16874,16839.29,34.70999999999913,2
2023-11-14,202311,16948,16915.71,32.29000000000087,1
2023-11-15,202311,17123,17128.78,-5.779999999998836,0
2023-11-16,202312,17186,17171.18,14.819999999999709,34
2023-11-17,202312,17219,17208.95,10.049999999999272,33
2023-11-20,202312,17201,17210.47,-9.470000000001164,30
2023-11-21,202312,17411,17416.7,-5.700000000000728,29
2023-11-22,202312,17289,17310.26,-21.2599999999984,28
2023-11-23,202312,17304,17294.55,9.450000000000728,27
2023-11-24,202312,17293,17287.42,5.580000000001746,26
2023-11-27,202312,17172,17137.42,34.580000000001746,23
2023-11-28,202312,17360,17341.25,18.75,22
2023-11-29,202312,17339,17370.56,-31.56000000000131,21
2023-11-30,202312,17393,17433.85,-40.849999999998545,20
2023-12-01,202312,17424,17438.35,-14.349999999998545,19
2023-12-04,202312,17418,17421.48,-3.4799999999995634,16
2023-12-05,202312,17309,17328.01,-19.0099999999984,15
2023-12-06,202312,17377,17360.72,16.279999999998836,14
2023-12-07,202312,17271,17278.74,-7.740000000001601,13
2023-12-08,202312,17375,17383.99,-8.9900000000016,12
2023-12-11,202312,17418,17418.34,-0.3400000000001455,9
2023-12-12,202312,17462,17450.63,11.369999999998981,8
2023-12-13,202312,17457,17468.93,-11.930000000000291,7
2023-12-14,202312,17663,17653.11,9.889999999999418,6
2023-12-15,202312,17673,17673.87,-0.8699999999989814,5
2023-12-18,202312,17656,17652.03,3.970000000001164,2
2023-12-19,202312,17577,17576.55,0.4500000000007276,1
2023-12-20,202312,17636,17635.2,0.7999999999992724,0
2023-12-21,202401,17529,17543.74,-14.7400000000016,27
2023-12-22,202401,17560,17596.63,-36.63000000000102,26
2023-12-25,202401,17622,17604.84,17.159999999999854,23
2023-12-26,202401,17734,17751.73,-17.729999999999563,22
2023-12-27,202401,17859,17891.5,-32.5,21
2023-12-28,202401,17866,17910.37,-44.36999999999898,20
2023-12-29,202401,17870,17930.81,-60.81000000000131,19
2024-01-02,202401,17800,17853.76,-53.7599999999984,15
2024-01-03,202401,17545,17559.31,-14.31000000000131,14
2024-01-04,202401,17550,17549.65,0.3499999999985448,13
2024-01-05,202401,17518,17519.14,-1.139999999999418,12
2024-01-08,202401,17595,17572.66,22.340000000000146,9
2024-01-09,202401,17547,17535.49,11.5099999999984,8
2024-01-10,202401,17460,17465.63,-5.630000000001019,7
2024-01-11,202401,17570,17545.32,24.68000000000029,6
2024-01-12,202401,17487,17512.83,-25.830000000001746,5
2024-01-15,202401,17554,17546.82,7.180000000000291,2
2024-01-16,202401,17333,17346.87,-13.869999999998981,1
2024-01-17,202401,17167,17161.79,5.209999999999127,0
2024-01-18,202402,17282,17227.79,54.20999999999913,34
2024-01-19,202402,17674,17681.52,-7.520000000000437,33
2024-01-22,202402,17815,17815.1,-0.09999999999854481,30
2024-01-23,202402,17868,17874.59,-6.5900000000001455,29
2024-01-24,202402,17896,17875.83,20.169999999998254,28
2024-01-25,202402,17997,18002.62,-5.619999999998981,27
2024-01-26,202402,17999,17995.03,3.970000000001164,26
2024-01-29,202402,18123,18119.63,3.3699999999989814,23
2024-01-30,202402,18081,18034.63,46.36999999999898,22
2024-01-31,202402,17921,17889.56,31.43999999999869,21
2024-02-01,202402,17985,17968.11,16.889999999999418,20
2024-02-02,202402,18084,18059.93,24.06999999999971,19
2024-02-05,202402,18085,18096.07,-11.069999999999709,16
2024-02-15,202402,18666,18644.57,21.43000000000029,6
2024-02-16,202402,18639,18607.25,31.75,5
2024-02-19,202402,18669,18635.8,33.20000000000073,2
2024-02-20,202402,18751,18753.16,-2.1599999999998545,1
2024-02-21,202402,18670,18676.31,-6.31000000000131,0
2024-02-22,202403,18886,18852.78,33.220000000001164,27
2024-02-23,202403,18912,18889.19,22.81000000000131,26
2024-02-26,202403,18964,18948.05,15.950000000000728,23
2024-02-27,202403,18870,18854.41,15.590000000000146,22
2024-02-29,202403,18961,18966.77,-5.770000000000437,20
2024-03-01,202403,18961,18935.93,25.06999999999971,19
2024-03-04,202403,19311,19305.31,5.68999999999869,16
2024-03-05,202403,19390,19386.92,3.0800000000017462,15
2024-03-06,202403,19507,19499.45,7.549999999999272,14
2024-03-07,202403,19702,19693.52,8.479999999999563,13
2024-03-08,202403,19794,19785.32,8.680000000000291,12
2024-03-11,202403,19716,19726.08,-10.080000000001746,9
2024-03-12,202403,19954,19914.55,39.45000000000073,8
2024-03-13,202403,19928,19928.51,-0.5099999999983993,7
2024-03-14,202403,19940,19937.92,2.0800000000017462,6
2024-03-15,202403,19728,19682.5,45.5,5
2024-03-18,202403,19914,19879.85,34.150000000001455,2
2024-03-19,202403,19867,19857.2,9.799999999999272,1
2024-03-20,202403,19747,19784.45,-37.45000000000073,0
2024-03-21,202404,20260,20199.09,60.909999999999854,27
2024-03-22,202404,20240,20228.43,11.569999999999709,26
2024-03-25,202404,20229,20192.25,36.75,23
2024-03-26,202404,20185,20126.49,58.5099999999984,22
2024-03-27,202404,20258,20200.12,57.88000000000102,21
2024-03-28,202404,20202,20146.55,55.45000000000073,20
2024-03-29,202404,20278,20294.45,-16.450000000000728,19
2024-04-01,202404,20293,20222.33,70.66999999999825,16
2024-04-02,202404,20521,20466.57,54.43000000000029,15
2024-04-03,202404,20351,20337.6,13.400000000001455,14
2024-04-08,202404,20447,20417.7,29.299999999999272,9
2024-04-09,202404,20869,20796.2,72.79999999999927,8
2024-04-10,202404,20848,20763.53,84.47000000000116,7
2024-04-11,202404,20752,20753.22,-1.2200000000011642,6
2024-04-12,202404,20753,20736.57,16.43000000000029,5
2024-04-15,202404,20506,20449.77,56.22999999999956,2
2024-04-16,202404,19947,19901.96,45.04000000000087,1
2024-04-17,202404,20238,20213.33,24.669999999998254,0
2024-04-18,202405,20353,20301.2,51.79999999999927,27
2024-04-19,202405,19559,19527.12,31.88000000000102,26
2024-04-22,202405,19528,19411.22,116.77999999999884,23
2024-04-23,202405,19680,19599.28,80.72000000000116,22
2024-04-24,202405,20170,20131.74,38.2599999999984,21
2024-04-25,202405,19880,19857.42,22.580000000001746,20
2024-04-26,202405,20176,20120.51,55.4900000000016,19
2024-04-29,202405,20550,20495.52,54.47999999999956,16
2024-04-30,202405,20413,20396.6,16.400000000001455,15
2024-05-02,202405,20292,20222.44,69.56000000000131,13
2024-05-03,202405,20382,20330.32,51.68000000000029,12
2024-05-06,202405,20601,20523.31,77.68999999999869,9
2024-05-07,202405,20648,20653.53,-5.529999999998836,8
2024-05-08,202405,20724,20700.51,23.4900000000016,7
2024-05-09,202405,20612,20560.77,51.22999999999956,6
2024-05-10,202405,20812,20708.84,103.15999999999985,5
2024-05-13,202405,20881,20857.71,23.290000000000873,2
2024-05-14,202405,21006,20985.85,20.150000000001455,1
2024-05-15,202405,21143,21147.21,-4.209999999999127,0
2024-05-16,202406,21372,21304.26,67.7400000000016,34
2024-05-17,202406,21335,21258.47,76.52999999999884,33
2024-05-20,202406,21299,21271.63,27.36999999999898,30
2024-05-21,202406,21282,21236.75,45.25,29
2024-05-22,202406,21581,21551.83,29.169999999998254,28
2024-05-23,202406,21605,21607.43,-2.430000000000291,27
2024-05-24,202406,21568,21565.34,2.6599999999998545,26
2024-05-27,202406,21870,21803.77,66.22999999999956,23
2024-05-28,202406,21951,21858.41,92.59000000000015,22
2024-05-29,202406,21730,21662.5,67.5,21
2024-05-30,202406,21395,21364.48,30.520000000000437,20
2024-05-31,202406,21288,21174.22,113.77999999999884,19
2024-06-03,202406,21655,21536.76,118.2400000000016,16
2024-06-04,202406,21327,21356.62,-29.61999999999898,15
2024-06-05,202406,21460,21484.88,-24.88000000000102,14
2024-06-06,202406,21873,21902.7,-29.700000000000728,13
2024-06-07,202406,21894,21858.38,35.61999999999898,12
2024-06-11,202406,21801,21792.12,8.880000000001019,8
2024-06-12,202406,22046,22048.96,-2.959999999999127,7
2024-06-13,202406,22325,22312.04,12.959999999999127,6
2024-06-14,202406,22510,22504.72,5.279999999998836,5
2024-06-17,202406,22477,22496.53,-19.529999999998836,2
2024-06-18,202406,22786,22757.43,28.56999999999971,1
2024-06-19,202406,23225,23209.54,15.459999999999127,0
2024-06-20,202407,23377,23406.1,-29.099999999998545,27
2024-06-21,202407,23207,23253.39,-46.38999999999942,26
2024-06-24,202407,22754,22813.7,-59.70000000000073,23
2024-06-25,202407,22747,22875.97,-128.97000000000116,22
2024-06-26,202407,22876,22986.69,-110.68999999999869,21
2024-06-27,202407,22797,22905.98,-108.97999999999956,20
2024-06-28,202407,22980,23032.25,-52.25,19
2024-07-01,202407,22993,23058.57,-65.56999999999971,16
2024-07-02,202407,22835,22879.37,-44.36999999999898,15
2024-07-03,202407,23183,23172.43,10.569999999999709,14
2024-07-04,202407,23621,23522.53,98.47000000000116,13
2024-07-05,202407,23571,23556.59,14.409999999999854,12
2024-07-08,202407,23909,23878.15,30.849999999998545,9
2024-07-09,202407,23881,23900.08,-19.080000000001746,8
2024-07-10,202407,24002,24007.08,-5.080000000001746,7
2024-07-11,202407,24371,24390.03,-19.029999999998836,6
2024-07-12,202407,23814,23916.93,-102.93000000000029,5
2024-07-15,202407,23851,23879.36,-28.360000000000582,2
2024-07-16,202407,23994,23997.25,-3.25,1
2024-07-17,202407,23679,23769.82,-90.81999999999971,0
2024-07-18,202408,23387,23398.47,-11.470000000001164,34
2024-07-19,202408,22907,22869.26,37.7400000000016,33
2024-07-22,202408,22374,22256.99,117.0099999999984,30
2024-07-23,202408,22835,22871.84,-36.840000000000146,29
2024-07-26,202408,22096,22119.21,-23.209999999999127,26
2024-07-29,202408,22256,22164.49,91.5099999999984,23
2024-07-30,202408,22252,22223.57,28.43000000000029,22
2024-07-31,202408,22284,22199.35,84.65000000000146,21
2024-08-01,202408,22660,22642.1,17.900000000001455,20
2024-08-02,202408,21526,21638.09,-112.09000000000015,19
2024-08-05,202408,19374,19830.88,-456.880000000001,16
2024-08-06,202408,20455,20501.02,-46.02000000000044,15
2024-08-07,202408,21142,21295.28,-153.27999999999884,14
2024-08-08,202408,20698,20870.1,-172.09999999999854,13
2024-08-09,202408,21483,21469,14,12
2024-08-12,202408,21676,21773.26,-97.2599999999984,9
2024-08-13,202408,21771,21796.57,-25.56999999999971,8
2024-08-14,202408,21996,22027.25,-31.25,7
2024-08-15,202408,21840,21895.17,-55.169999999998254,6
2024-08-16,202408,22365,22349.33,15.669999999998254,5
2024-08-19,202408,22361,22409.63,-48.63000000000102,2
2024-08-20,202408,22435,22429.1,5.900000000001455,1
2024-08-21,202408,22200,22237.89,-37.88999999999942,0
2024-08-22,202409,22100,22148.83,-48.830000000001746,27
2024-08-23,202409,22123,22158.05,-35.04999999999927,26
2024-08-26,202409,22210,22240.12,-30.11999999999898,23
2024-08-27,202409,22152,22185,-33,22
2024-08-28,202409,22405,22370.66,34.340000000000146,21
2024-08-29,202409,22167,22201.85,-34.849999999998545,20
2024-08-30,202409,22318,22268.09,49.909999999999854,19
2024-09-02,202409,22212,22235.1,-23.099999999998545,16
2024-09-03,202409,22051,22092.21,-41.20999999999913,15
2024-09-04,202409,20940,21092.75,-152.75,14
2024-09-05,202409,21183,21187.71,-4.709999999999127,13
2024-09-06,202409,21316,21435.19,-119.18999999999869,12
2024-09-09,202409,21083,21144.44,-61.43999999999869,9
2024-09-10,202409,21005,21064.08,-59.080000000001746,8
2024-09-11,202409,21006,21031,-25,7
2024-09-12,202409,21703,21653.25,49.75,6
2024-09-13,202409,21815,21759.65,55.349999999998545,5
2024-09-16,202409,21815,21850.08,-35.080000000001746,2
2024-09-18,202409,21619,21678.84,-59.840000000000146,0
2024-09-19,202410,22075,22042.69,32.31000000000131,27
2024-09-20,202410,22216,22159.42,56.580000000001746,26
2024-09-23,202410,22338,22285.53,52.470000000001164,23
2024-09-24,202410,22493,22431.78,61.220000000001164,22
2024-09-25,202410,22792,22761.6,30.400000000001455,21
2024-09-26,202410,22957,22858.81,98.18999999999869,20
2024-09-27,202410,22892,22822.79,69.20999999999913,19
2024-09-30,202410,22326,22224.54,101.45999999999913,16
2024-10-01,202410,22391,22390.39,0.6100000000005821,15
2024-10-04,202410,22288,22302.71,-14.709999999999127,12
2024-10-07,202410,22767,22702.56,64.43999999999869,9
2024-10-08,202410,22578,22611.39,-33.38999999999942,8
2024-10-09,202410,22699,22659.08,39.919999999998254,7
2024-10-11,202410,22911,22901.64,9.360000000000582,5
2024-10-14,202410,23005,22975.29,29.709999999999127,2
2024-10-15,202410,23228,23292.04,-64.04000000000087,1
2024-10-16,202410,22986,23010.98,-24.979999999999563,0
2024-10-17,202411,23256,23053.84,202.15999999999985,34
2024-10-18,202411,23657,23487.27,169.72999999999956,33
2024-10-21,202411,23574,23542.53,31.470000000001164,30
2024-10-22,202411,23621,23535.43,85.56999999999971,29
2024-10-23,202411,23409,23334.76,74.2400000000016,28
2024-10-24,202411,23290,23192.52,97.47999999999956,27
2024-10-25,202411,23476,23348.45,127.54999999999927,26
2024-10-28,202411,23322,23198.07,123.93000000000029,23
2024-10-29,202411,22979,22926.59,52.409999999999854,22
2024-10-30,202411,22901,22820.43,80.56999999999971,21
2024-11-01,202411,22767,22780.08,-13.080000000001746,19
2024-11-04,202411,23036,22965.39,70.61000000000058,16
2024-11-05,202411,23137,23106.79,30.209999999999127,15
2024-11-06,202411,23319,23217.38,101.61999999999898,14
2024-11-07,202411,23525,23408.82,116.18000000000029,13
2024-11-08,202411,23774,23553.89,220.11000000000058,12
2024-11-11,202411,23572,23529.64,42.36000000000058,9
2024-11-12,202411,22875,22981.77,-106.77000000000044,8
2024-11-13,202411,22786,22860.23,-74.22999999999956,7
2024-11-14,202411,22692,22715.38,-23.38000000000102,6
2024-11-15,202411,22762,22742.77,19.229999999999563,5
2024-11-18,202411,22573,22546.54,26.459999999999127,2
2024-11-19,202411,22848,22848.8,-0.7999999999992724,1
2024-11-20,202411,22686,22688.36,-2.360000000000582,0
2024-11-21,202412,22575,22555.66,19.340000000000146,27
2024-11-22,202412,23032,22904.32,127.68000000000029,26
2024-11-25,202412,23062,22948.37,113.63000000000102,23
2024-11-26,202412,22634,22678.76,-44.7599999999984,22
2024-11-27,202412,22352,22334.78,17.220000000001164,21
2024-11-28,202412,22330,22298.9,31.099999999998545,20
2024-11-29,202412,22307,22262.5,44.5,19
2024-12-02,202412,22822,22736.93,85.06999999999971,16
2024-12-03,202412,23111,23027.46,83.54000000000087,15
2024-12-04,202412,23286,23255.33,30.669999999998254,14
2024-12-05,202412,23252,23267.94,-15.93999999999869,13
2024-12-06,202412,23180,23193.27,-13.270000000000437,12
2024-12-09,202412,23250,23273.25,-23.25,9
2024-12-10,202412,23078,23125.08,-47.080000000001746,8
2024-12-11,202412,22847,22903.63,-56.63000000000102,7
2024-12-12,202412,23107,23046.8,60.20000000000073,6
2024-12-13,202412,22984,23020.48,-36.47999999999956,5
2024-12-16,202412,22966,23039.9,-73.90000000000146,2
2024-12-17,202412,23030,23018.01,11.9900000000016,1
2024-12-18,202412,23105,23168.67,-63.669999999998254,0
2024-12-19,202501,22852,22932.25,-80.25,27
2024-12-20,202501,22631,22510.25,120.75,26
2024-12-23,202501,23233,23104.54,128.45999999999913,23
2024-12-24,202501,23201,23120.24,80.7599999999984,22
2024-12-25,202501,23326,23220.13,105.86999999999898,21
2024-12-26,202501,23326,23246.94,79.06000000000131,20
2024-12-27,202501,23372,23275.68,96.31999999999971,19
2024-12-30,202501,23171,23190.2,-19.200000000000728,16
2024-12-31,202501,23044,23035.1,8.900000000001455,15
2025-01-02,202501,22843,22832.06,10.93999999999869,13
2025-01-03,202501,22977,22908.3,68.70000000000073,12
2025-01-06,202501,23606,23547.71,58.29000000000087,9
2025-01-07,202501,23742,23651.27,90.72999999999956,8
2025-01-08,202501,23449,23407.33,41.669999999998254,7
2025-01-09,202501,23099,23081.13,17.86999999999898,6
2025-01-10,202501,23058,23011.86,46.13999999999942,5
2025-01-13,202501,22540,22488.33,51.669999999998254,2
2025-01-14,202501,22754,22797.52,-43.52000000000044,1
2025-01-15,202501,22519,22514.57,4.430000000000291,0
2025-01-16,202502,23035,23025.1,9.900000000001455,34
2025-01-17,202502,23188,23148.08,39.919999999998254,33
2025-01-20,202502,23343,23266.82,76.18000000000029,30
2025-01-21,202502,23361,23300.01,60.9900000000016,29
2025-01-22,202502,23689,23525.41,163.59000000000015,28
2025-02-03,202502,22596,22694.71,-98.70999999999913,16
2025-02-04,202502,22825,22793.96,31.040000000000873,15
2025-02-05,202502,23137,23161.58,-24.580000000001746,14
2025-02-06,202502,23295,23316.6,-21.599999999998545,13
2025-02-07,202502,23428,23478.27,-50.27000000000044,12
2025-02-10,202502,23236,23252.14,-16.139999999999418,9
2025-02-11,202502,23334,23384.05,-50.04999999999927,8
2025-02-12,202502,23311,23289.75,21.25,7
2025-02-13,202502,23401,23399.41,1.5900000000001455,6
2025-02-14,202502,23180,23152.61,27.389999999999418,5
2025-02-17,202502,23506,23505.33,0.6699999999982538,2
2025-02-18,202502,23645,23666.11,-21.110000000000582,1
2025-02-19,202502,23608,23604.08,3.9199999999982538,0
2025-02-20,202503,23536,23487.46,48.54000000000087,27
2025-02-21,202503,23743,23730.25,12.75,26
2025-02-24,202503,23556,23565.31,-9.31000000000131,23
2025-02-25,202503,23295,23285.72,9.279999999998836,22
2025-02-26,202503,23417,23402.55,14.450000000000728,21
2025-02-27,202503,23189,23053.18,135.8199999999997,20
2025-03-03,202503,22724,22756.25,-32.25,16
2025-03-04,202503,22588,22596.88,-8.880000000001019,15
2025-03-05,202503,22892,22871.9,20.099999999998545,14
2025-03-06,202503,22762,22715.43,46.56999999999971,13
2025-03-07,202503,22523,22576.07,-53.06999999999971,12
2025-03-10,202503,22446,22459.15,-13.150000000001455,9
2025-03-11,202503,22027,22071.09,-44.090000000000146,8
2025-03-12,202503,22234,22278.36,-44.36000000000058,7
2025-03-13,202503,21923,21961.68,-38.68000000000029,6
2025-03-14,202503,21962,21968.05,-6.049999999999272,5
2025-03-17,202503,22155,22118.63,36.36999999999898,2
2025-03-18,202503,22227,22271.67,-44.669999999998254,1
2025-03-19,202503,21964,21960.83,3.1699999999982538,0
2025-03-20,202504,22365,22377.26,-12.2599999999984,27
2025-03-21,202504,22181,22209.1,-28.099999999998545,26
2025-03-24,202504,22151,22106.64,44.36000000000058,23
2025-03-25,202504,22301,22273.19,27.81000000000131,22
2025-03-26,202504,22304,22260.29,43.70999999999913,21
2025-03-27,202504,21971,21951.76,19.2400000000016,20
2025-03-28,202504,21599,21602.89,-3.889999999999418,19
2025-03-31,202504,20764,20695.9,68.09999999999854,16
2025-04-01,202504,21187,21280.17,-93.16999999999825,15
2025-04-02,202504,21296,21298.22,-2.220000000001164,14
2025-04-07,202504,19167,19232.35,-65.34999999999854,9
2025-04-08,202504,18169,18459.95,-290.9500000000007,8
2025-04-09,202504,17184,17391.76,-207.7599999999984,7
2025-04-10,202504,18902,19000.03,-98.02999999999884,6
2025-04-11,202504,19543,19528.77,14.229999999999563,5
2025-04-14,202504,19497,19513.09,-16.090000000000146,2
2025-04-15,202504,19794,19857.67,-63.669999999998254,1
2025-04-16,202504,19548,19468,80,0
2025-04-17,202505,19367,19338.73,28.270000000000437,34
2025-04-18,202505,19334,19395.03,-61.029999999998836,33
2025-04-21,202505,19099,19106.2,-7.200000000000728,30
2025-04-22,202505,18803,18793.43,9.569999999999709,29
2025-04-23,202505,19558,19639.14,-81.13999999999942,28
2025-04-24,202505,19460,19478.81,-18.81000000000131,27
2025-04-25,202505,19873,19872.73,0.27000000000043656,26
2025-04-28,202505,19965,20034.41,-69.40999999999985,23
2025-04-29,202505,20155,20232.63,-77.63000000000102,22
2025-04-30,202505,20154,20235.03,-81.02999999999884,21
2025-05-02,202505,20682,20787.64,-105.63999999999942,19
2025-05-05,202505,20423,20532.99,-109.9900000000016,16
2025-05-06,202505,20345,20522.59,-177.59000000000015,15
2025-05-07,202505,20377,20546.49,-169.4900000000016,14
2025-05-08,202505,20578,20543.4,34.599999999998545,13
2025-05-09,202505,20845,20915.04,-70.04000000000087,12
2025-05-12,202505,21073,21129.54,-56.54000000000087,9
2025-05-13,202505,21355,21330.14,24.860000000000582,8
2025-05-14,202505,21772,21782.87,-10.869999999998981,7
2025-05-15,202505,21695,21730.25,-35.25,6
2025-05-16,202505,21823,21843.69,-20.68999999999869,5
2025-05-19,202505,21538,21523.83,14.169999999998254,2
2025-05-20,202505,21543,21526.03,16.970000000001164,1
2025-05-21,202505,21849,21803.91,45.090000000000146,0
2025-05-22,202506,21499,21670.96,-171.95999999999913,27
2025-05-23,202506,21466,21652.24,-186.2400000000016,26
2025-05-26,202506,21381,21536.57,-155.5699999999997,23
2025-05-27,202506,21221,21336.54,-115.54000000000087,22
2025-05-28,202506,21250,21357.72,-107.72000000000116,21
2025-05-29,202506,21317,21347.3,-30.299999999999272,20
2025-06-02,202506,20870,21002.71,-132.70999999999913,16
2025-06-03,202506,20974,21126.93,-152.9300000000003,15
2025-06-04,202506,21479,21618.09,-139.09000000000015,14
2025-06-05,202506,21554,21674.43,-120.43000000000029,13
2025-06-06,202506,21566,21660.66,-94.65999999999985,12
2025-06-09,202506,21719,21790.29,-71.29000000000087,9
2025-06-10,202506,22116,22242.14,-126.13999999999942,8
2025-06-11,202506,22344,22470.1,-126.09999999999854,7
2025-06-12,202506,22253,22287.82,-34.81999999999971,6
2025-06-13,202506,21940,22072.95,-132.95000000000073,5
2025-06-16,202506,22032,22049.9,-17.900000000001455,2
2025-06-17,202506,22163,22211.59,-48.590000000000146,1
2025-06-18,202506,22308,22356.73,-48.72999999999956,0
2025-06-19,202507,21703,22003.5,-300.5,27
2025-06-20,202507,21650,22045.74,-395.7400000000016,26
2025-06-23,202507,21472,21732.02,-260.02000000000044,23
2025-06-24,202507,21959,22188.76,-229.7599999999984,22
2025-06-25,202507,22163,22430.61,-267.6100000000006,21
2025-06-26,202507,22115,22492.34,-377.34000000000015,20
2025-06-27,202507,22122,22580.08,-458.08000000000175,19
2025-06-30,202507,22144,22256.02,-112.02000000000044,16
2025-07-01,202507,22352,22553.72,-201.72000000000116,15
2025-07-02,202507,22393,22577.74,-184.7400000000016,14
2025-07-03,202507,22680,22712.97,-32.970000000001164,13
2025-07-04,202507,22436,22547.5,-111.5,12
2025-07-07,202507,22328,22428.72,-100.72000000000116,9
2025-07-08,202507,22258,22362.27,-104.27000000000044,8
2025-07-09,202507,22434,22527.01,-93.0099999999984,7
2025-07-10,202507,22607,22693.25,-86.25,6
2025-07-11,202507,22767,22751.03,15.970000000001164,5
2025-07-14,202507,22547,22614.97,-67.97000000000116,2
2025-07-15,202507,22804,22835.94,-31.93999999999869,1
2025-07-16,202507,23047,23042.9,4.099999999998545,0
2025-07-17,202508,23137,23113.28,23.720000000001164,34
2025-07-18,202508,23260,23383.13,-123.13000000000102,33
2025-07-21,202508,23220,23340.56,-120.56000000000131,30
2025-07-22,202508,22996,22987.92,8.080000000001746,29
2025-07-23,202508,23184,23318.67,-134.66999999999825,28
2025-07-24,202508,23303,23373.73,-70.72999999999956,27
2025-07-25,202508,23237,23364.38,-127.38000000000102,26
2025-07-28,202508,23385,23412.98,-27.979999999999563,23
2025-07-29,202508,23151,23201.52,-50.52000000000044,22
2025-07-30,202508,23359,23461.72,-102.72000000000116,21
2025-07-31,202508,23584,23542.52,41.47999999999956,20
2025-08-01,202508,23345,23434.38,-89.38000000000102,19
2025-08-04,202508,23272,23378.94,-106.93999999999869,16
2025-08-05,202508,23577,23660.59,-83.59000000000015,15
2025-08-06,202508,23417,23447.36,-30.360000000000582,14
2025-08-07,202508,23997,24003.77,-6.770000000000437,13
2025-08-08,202508,23953,24021.26,-68.2599999999984,12
2025-08-11,202508,24148,24135.5,12.5,9
2025-08-12,202508,24142,24158.36,-16.360000000000582,8
2025-08-13,202508,24343,24370.02,-27.020000000000437,7
2025-08-14,202508,24252,24238.1,13.900000000001455,6
2025-08-15,202508,24297,24334.48,-37.47999999999956,5
2025-08-18,202508,24424,24482.52,-58.52000000000044,2
2025-08-19,202508,24346,24353.5,-7.5,1
2025-08-20,202508,23637,23625.44,11.56000000000131,0
2025-08-21,202509,23852,23962.13,-110.13000000000102,27
2025-08-22,202509,23750,23764.47,-14.470000000001164,26
2025-08-25,202509,24255,24277.38,-22.38000000000102,23
2025-08-26,202509,24255,24305.1,-50.099999999998545,22
2025-08-27,202509,24464,24519.9,-55.900000000001455,21
2025-08-28,202509,24224,24236.45,-12.450000000000728,20
2025-08-29,202509,24268,24233.1,34.900000000001455,19
2025-09-01,202509,24007,24071.73,-64.72999999999956,16
2025-09-02,202509,23972,24016.78,-44.779999999998836,15
2025-09-03,202509,23997,24100.3,-103.29999999999927,14
2025-09-04,202509,24130,24179.85,-49.849999999998545,13
2025-09-05,202509,24424,24494.58,-70.58000000000175,12
2025-09-08,202509,24556,24547.38,8.619999999998981,9
2025-09-09,202509,24803,24855.18,-52.18000000000029,8
2025-09-10,202509,25176,25192.59,-16.590000000000146,7
2025-09-11,202509,25233,25215.71,17.290000000000873,6
2025-09-12,202509,25458,25474.64,-16.639999999999418,5
2025-09-15,202509,25347,25357.16,-10.159999999999854,2
2025-09-16,202509,25625,25629.64,-4.639999999999418,1
2025-09-17,202509,25433,25438.25,-5.25,0
2025-09-18,202510,25712,25769.36,-57.36000000000058,27
2025-09-19,202510,25670,25578.37,91.63000000000102,26
2025-09-22,202510,25893,25880.6,12.400000000001455,23
2025-09-23,202510,26263,26247.37,15.630000000001019,22
2025-09-24,202510,26234,26196.73,37.27000000000044,21
2025-09-25,202510,26095,26023.85,71.15000000000146,20
2025-09-26,202510,25660,25580.32,79.68000000000029,19
2025-09-30,202510,25953,25820.54,132.45999999999913,15
2025-10-01,202510,26043,25982.91,60.090000000000146,14
2025-10-02,202510,26424,26378.39,45.61000000000058,13
2025-10-03,202510,26736,26761.06,-25.06000000000131,12
2025-10-07,202510,27317,27211.95,105.04999999999927,8
2025-10-08,202510,27093,27063.68,29.31999999999971,7
2025-10-09,202510,27338,27301.92,36.080000000001746,6
2025-10-13,202510,26915,26923.42,-8.419999999998254,2
2025-10-14,202510,26725,26793.15,-68.15000000000146,1
2025-10-15,202510,27156,27275.71,-119.70999999999913,0
2025-10-16,202511,27818,27647.87,170.13000000000102,34
2025-10-17,202511,27328,27302.37,25.63000000000102,33
2025-10-20,202511,27780,27688.63,91.36999999999898,30
2025-10-21,202511,27831,27752.41,78.59000000000015,29
2025-10-22,202511,27708,27648.91,59.090000000000146,28
2025-10-23,202511,27556,27532.26,23.7400000000016,27
2025-10-27,202511,28219,27993.63,225.36999999999898,23
2025-10-28,202511,28005,27949.11,55.88999999999942,22
2025-10-29,202511,28414,28294.74,119.2599999999984,21
2025-10-30,202511,28399,28287.53,111.47000000000116,20
2025-10-31,202511,28430,28233.35,196.65000000000146,19
2025-11-03,202511,28341,28334.59,6.4099999999998545,16
2025-11-04,202511,28119,28116.56,2.4399999999986903,15
2025-11-05,202511,27808,27717.06,90.93999999999869,14
2025-11-06,202511,28034,27899.45,134.54999999999927,13
2025-11-07,202511,27721,27651.41,69.59000000000015,12
2025-11-10,202511,28016,27869.51,146.4900000000016,9
2025-11-11,202511,27780,27784.95,-4.950000000000728,8
2025-11-12,202511,28059,27947.09,111.90999999999985,7
2025-11-13,202511,27978,27903.56,74.43999999999869,6
2025-11-14,202511,27404,27397.5,6.5,5
2025-11-17,202511,27481,27447.31,33.68999999999869,2
2025-11-18,202511,26814,26756.12,57.88000000000102,1
2025-11-19,202511,26615,26580.12,34.88000000000102,0
2025-11-20,202512,27484,27426.36,57.63999999999942,27
2025-11-21,202512,26476,26434.94,41.06000000000131,26
2025-11-24,202512,26614,26504.24,109.7599999999984,23
2025-11-25,202512,26933,26912.17,20.830000000001746,22
2025-11-26,202512,27339,27409.54,-70.54000000000087,21
2025-11-27,202512,27579,27554.53,24.470000000001164,20
2025-11-28,202512,27737,27626.48,110.52000000000044,19
2025-12-01,202512,27406,27342.53,63.470000000001164,16
2025-12-02,202512,27559,27564.27,-5.270000000000437,15
2025-12-03,202512,27760,27793.04,-33.04000000000087,14
2025-12-04,202512,27798,27795.71,2.290000000000873,13
2025-12-05,202512,28010,27980.89,29.110000000000582,12
2025-12-08,202512,28284,28303.78,-19.779999999998836,9
2025-12-09,202512,28217,28182.6,34.400000000001455,8
2025-12-10,202512,28400,28400.73,-0.7299999999995634,7
2025-12-11,202512,28101,28024.75,76.25,6
2025-12-12,202512,28290,28198.02,91.97999999999956,5
2025-12-15,202512,27910,27866.94,43.06000000000131,2
2025-12-16,202512,27635,27536.66,98.34000000000015,1
2025-12-17,202512,27483,27525.17,-42.169999999998254,0
2025-12-18,202601,27598,27468.53,129.47000000000116,34
2025-12-19,202601,27897,27696.35,200.65000000000146,33
2025-12-22,202601,28341,28149.64,191.36000000000058,30
2025-12-23,202601,28415,28310.47,104.52999999999884,29
2025-12-24,202601,28467,28371.98,95.02000000000044,28
2025-12-26,202601,28677,28556.02,120.97999999999956,26
2025-12-29,202601,28940,28810.89,129.11000000000058,23
2025-12-30,202601,28875,28707.13,167.86999999999898,22
2025-12-31,202601,29014,28963.6,50.400000000001455,21
