date,price_index,total_return_index,change,change_percent
2021-01-04,14902.03,28768.57,169.5,1.15
2021-01-05,15000.03,28957.76,98,0.66
2021-01-06,14983.13,28925.14,-16.9,-0.11
2021-01-07,15214,29370.83,230.87,1.54
2021-01-08,15463.95,29853.37,249.95,1.64
2021-01-11,15557.3,30033.59,93.35,0.6
2021-01-12,15500.7,29924.31,-56.6,-0.36
2021-01-13,15769.98,30444.28,269.28,1.74
2021-01-14,15707.19,30323.05,-62.79,-0.4
2021-01-15,15616.39,30147.77,-90.8,-0.58
2021-01-18,15612,30139.29,-4.39,-0.03
2021-01-19,15877.37,30651.59,265.37,1.7
2021-01-20,15806.18,30514.16,-71.19,-0.45
2021-01-21,16153.77,31185.18,347.59,2.2
2021-01-22,16019.03,30925.07,-134.74,-0.83
2021-01-25,15946.54,30785.12,-72.49,-0.45
2021-01-26,15658.85,30229.73,-287.69,-1.8
2021-01-27,15701.45,30311.98,42.6,0.27
2021-01-28,15415.88,29760.67,-285.57,-1.82
2021-01-29,15138.31,29224.82,-277.57,-1.8
2021-02-01,15410.09,29749.49,271.78,1.8
2021-02-02,15760.05,30425.11,349.96,2.27
2021-02-03,15771.32,30446.86,11.27,0.07
2021-02-04,15706.22,30321.18,-65.1,-0.41
2021-02-05,15802.4,30506.87,96.18,0.61
2021-02-17,16362.29,31587.75,559.89,3.54
2021-02-18,16424.51,31707.86,62.22,0.38
2021-02-19,16341.38,31547.37,-83.13,-0.51
2021-02-22,16410.16,31680.15,68.78,0.42
2021-02-23,16443.4,31744.32,33.24,0.2
2021-02-24,16212.53,31298.62,-230.87,-1.4
2021-02-25,16452.18,31761.28,239.65,1.48
2021-02-26,15953.8,30799.13,-498.38,-3.03
2021-03-02,15946.88,30785.79,-6.92,-0.04
2021-03-03,16211.73,31297.08,264.85,1.66
2021-03-04,15906.41,30707.89,-305.32,-1.88
2021-03-05,15855.23,30609.1,-51.18,-0.32
2021-03-08,15820.11,30541.29,-35.12,-0.22
2021-03-09,15853.09,30604.96,32.98,0.21
2021-03-10,15911.67,30718.05,58.58,0.37
2021-03-11,16179.56,31235.22,267.89,1.68
2021-03-12,16255.18,31381.23,75.62,0.47
2021-03-15,16249.33,31369.93,-5.85,-0.04
2021-03-16,16313.16,31493.15,63.83,0.39
2021-03-17,16215.82,31346.38,-97.34,-0.6
2021-03-18,16287.84,31485.6,72.02,0.44
2021-03-19,16070.24,31064.96,-217.6,-1.34
2021-03-22,16189.22,31295.16,118.98,0.74
2021-03-23,16177.59,31272.68,-11.63,-0.07
2021-03-24,16032.12,30991.46,-145.47,-0.9
2021-03-25,16060.14,31046.61,28.02,0.17
2021-03-26,16305.88,31521.77,245.74,1.53
2021-03-29,16475.97,31850.6,170.09,1.04
2021-03-30,16554.9,32003.18,78.93,0.48
2021-03-31,16431.13,31765.32,-123.77,-0.75
2021-04-01,16571.28,32036.26,140.15,0.85
2021-04-06,16739.87,32362.18,168.59,1.02
2021-04-07,16815.36,32509.39,75.49,0.45
2021-04-08,16926.44,32726.7,111.08,0.66
2021-04-09,16854.1,32589.73,-72.34,-0.43
2021-04-12,16859.7,32600.56,5.6,0.03
2021-04-13,16824.91,32533.29,-34.79,-0.21
2021-04-14,16865.97,32612.69,41.06,0.24
2021-04-15,17076.73,33021.1,210.76,1.25
2021-04-16,17158.81,33181.65,82.08,0.48
2021-04-19,17263.28,33383.67,104.47,0.61
2021-04-20,17323.87,33500.84,60.59,0.35
2021-04-21,17202.11,33265.38,-121.76,-0.7
2021-04-22,17096.97,33064.53,-105.14,-0.61
2021-04-23,17300.27,33462.25,203.3,1.19
2021-04-26,17572.29,33988.57,272.02,1.57
2021-04-27,17595.9,34034.23,23.61,0.13
2021-04-28,17567.53,33979.54,-28.37,-0.16
2021-04-29,17566.66,33977.86,-0.87,-0
2021-05-03,17222.35,33311.88,-344.31,-1.96
2021-05-04,16933.78,32753.72,-288.57,-1.68
2021-05-05,16843.44,32579,-90.34,-0.53
2021-05-06,16994.36,32870.9,150.92,0.9
2021-05-07,17285,33433.07,290.64,1.71
2021-05-10,17235.61,33337.53,-49.39,-0.29
2021-05-11,16583.13,32075.5,-652.48,-3.79
2021-05-12,15902.37,30759.05,-680.76,-4.11
2021-05-13,15670.1,30309.78,-232.27,-1.46
2021-05-14,15827.09,30613.44,156.99,1
2021-05-17,15353.89,29698.31,-473.2,-2.99
2021-05-18,16145.98,31230.42,792.09,5.16
2021-05-19,16132.66,31204.65,-13.32,-0.08
2021-05-20,16042.36,31029.99,-90.3,-0.56
2021-05-21,16302.06,31532.31,259.7,1.62
2021-05-24,16338.29,31602.39,36.23,0.22
2021-05-25,16595.67,32100.23,257.38,1.58
2021-05-26,16643.69,32193.12,48.02,0.29
2021-05-27,16601.61,32111.73,-42.08,-0.25
2021-05-28,16870.86,32633.48,269.25,1.62
2021-05-31,17068.43,33015.96,197.57,1.17
2021-06-01,17162.38,33198.07,93.95,0.55
2021-06-02,17165.04,33203.21,2.66,0.02
2021-06-03,17246.16,33362.92,81.12,0.47
2021-06-04,17147.41,33171.89,-98.75,-0.57
2021-06-07,17083.91,33049.51,-63.5,-0.37
2021-06-08,17076.21,33038.11,-7.7,-0.05
2021-06-09,16966.22,32829.82,-109.99,-0.64
2021-06-10,17159.22,33205.34,193,1.14
2021-06-11,17213.52,33310.56,54.3,0.32
2021-06-15,17371.29,33615.86,157.77,0.92
2021-06-16,17307.86,33494.31,-63.43,-0.37
2021-06-17,17390.61,33698.45,82.75,0.48
2021-06-18,17318.54,33562.82,-72.07,-0.41
2021-06-21,17062.98,33067.56,-255.56,-1.48
2021-06-22,17075.55,33092.88,12.57,0.07
2021-06-23,17336.71,33600.58,261.16,1.53
2021-06-24,17407.96,33741.52,71.25,0.41
2021-06-25,17502.99,33927.54,95.03,0.55
2021-06-28,17590.97,34099.69,87.98,0.5
2021-06-29,17598.19,34120.48,7.22,0.04
2021-06-30,17755.46,34439.42,157.27,0.89
2021-07-01,17713.94,34360.8,-41.52,-0.23
2021-07-02,17710.15,34353.52,-3.79,-0.02
2021-07-05,17919.33,34762.44,209.18,1.18
2021-07-06,17913.07,34788.38,-6.26,-0.03
2021-07-07,17850.69,34667.52,-62.38,-0.35
2021-07-08,17866.09,34706.73,15.4,0.09
2021-07-09,17661.48,34324.65,-204.61,-1.15
2021-07-12,17814.33,34622.78,152.85,0.87
2021-07-13,17847.52,34690.33,33.19,0.19
2021-07-14,17845.75,34688.05,-1.77,-0.01
2021-07-15,18034.19,35061.04,188.44,1.06
2021-07-16,17895.25,34791.63,-138.94,-0.77
2021-07-19,17789.25,34591.67,-106,-0.59
2021-07-20,17528.74,34097.15,-260.51,-1.46
2021-07-21,17458.79,33966.93,-69.95,-0.4
2021-07-22,17572.33,34247.81,113.54,0.65
2021-07-23,17572.92,34266.71,0.59,0
2021-07-26,17403.56,33994.52,-169.36,-0.96
2021-07-27,17269.87,33751.15,-133.69,-0.77
2021-07-28,17135.22,33507.11,-134.65,-0.78
2021-07-29,17402.81,34037.87,267.59,1.56
2021-07-30,17247.41,33754.87,-155.4,-0.89
2021-08-02,17503.28,34278.96,255.87,1.48
2021-08-03,17553.76,34386.99,50.48,0.29
2021-08-04,17623.89,34527.7,70.13,0.4
2021-08-05,17603.12,34510.91,-20.77,-0.12
2021-08-06,17526.28,34362.26,-76.84,-0.44
2021-08-09,17485.15,34289.71,-41.13,-0.23
2021-08-10,17323.64,33988.85,-161.51,-0.92
2021-08-11,17227.18,33812.25,-96.46,-0.56
2021-08-12,17219.94,33834.38,-7.24,-0.04
2021-08-13,16982.11,33372.09,-237.83,-1.38
2021-08-16,16858.77,33154.82,-123.34,-0.73
2021-08-17,16661.36,32776.77,-197.41,-1.17
2021-08-18,16826.27,33109.84,164.91,0.99
2021-08-19,16375.4,32227.38,-450.87,-2.68
2021-08-20,16341.94,32167.66,-33.46,-0.2
2021-08-23,16741.84,32973.96,399.9,2.45
2021-08-24,16818.73,33129.78,76.89,0.46
2021-08-25,17045.86,33602.32,227.13,1.35
2021-08-26,17066.96,33663.34,21.1,0.12
2021-08-27,17209.93,33948.51,142.97,0.84
2021-08-30,17396.52,34324.95,186.59,1.08
2021-08-31,17490.29,34530.01,93.77,0.54
2021-09-01,17473.99,34498.84,-16.3,-0.09
2021-09-02,17319.76,34197.41,-154.23,-0.88
2021-09-03,17516.92,34587.69,197.16,1.14
2021-09-06,17495.3,34557.7,-21.62,-0.12
2021-09-07,17428.87,34439.09,-66.43,-0.38
2021-09-08,17270.49,34133.77,-158.38,-0.91
2021-09-09,17304.33,34211.57,33.84,0.2
2021-09-10,17474.57,34549.54,170.24,0.98
2021-09-13,17446.31,34494.35,-28.26,-0.16
2021-09-14,17434.9,34473.06,-11.41,-0.07
2021-09-15,17354,34315.08,-80.9,-0.46
2021-09-16,17278.7,34216.86,-75.3,-0.43
2021-09-17,17276.79,34214.17,-1.91,-0.01
2021-09-22,16925.82,33520.11,-350.97,-2.03
2021-09-23,17078.22,33822.63,152.4,0.9
2021-09-24,17260.19,34184.91,181.97,1.07
2021-09-27,17313.77,34291.01,53.58,0.31
2021-09-28,17181.44,34028.94,-132.33,-0.76
2021-09-29,16855.46,33384.01,-325.98,-1.9
2021-09-30,16934.77,33541.12,79.31,0.47
2021-10-01,16570.89,32820.68,-363.88,-2.15
2021-10-04,16408.35,32499.31,-162.54,-0.98
2021-10-05,16460.75,32603.51,52.4,0.32
2021-10-06,16393.16,32469.86,-67.59,-0.41
2021-10-07,16713.86,33106.02,320.7,1.96
2021-10-08,16640.43,32960.75,-73.43,-0.44
2021-10-12,16462.84,32609.2,-177.59,-1.07
2021-10-13,16347.99,32381.82,-114.85,-0.7
2021-10-14,16387.28,32460.17,39.29,0.24
2021-10-15,16781.19,33240.43,393.91,2.4
2021-10-18,16705.46,33090.48,-75.73,-0.45
2021-10-19,16900.67,33477.4,195.21,1.17
2021-10-20,16887.82,33452.13,-12.85,-0.08
2021-10-21,16889.51,33455.47,1.69,0.01
2021-10-22,16888.74,33453.97,-0.77,-0
2021-10-25,16894.24,33464.87,5.5,0.03
2021-10-26,17034.34,33742.48,140.1,0.83
2021-10-27,17074.55,33822.23,40.21,0.24
2021-10-28,17041.63,33757.02,-32.92,-0.19
2021-10-29,16987.41,33649.62,-54.22,-0.32
2021-11-01,17068.24,33809.74,80.83,0.48
2021-11-02,17065.97,33805.61,-2.27,-0.01
2021-11-03,17122.16,33916.91,56.19,0.33
2021-11-04,17078.86,33831.13,-43.3,-0.25
2021-11-05,17296.9,34263.04,218.04,1.28
2021-11-08,17415.3,34497.6,118.4,0.68
2021-11-09,17541.36,34747.5,126.06,0.72
2021-11-10,17559.65,34783.73,18.29,0.1
2021-11-11,17452.52,34571.52,-107.13,-0.61
2021-11-12,17518.13,34701.48,65.61,0.38
2021-11-15,17634.47,34931.93,116.34,0.66
2021-11-16,17693.13,35048.14,58.66,0.33
2021-11-17,17764.04,35188.59,70.91,0.4
2021-11-18,17841.37,35341.78,77.33,0.44
2021-11-19,17818.31,35296.18,-23.06,-0.13
2021-11-22,17803.54,35266.96,-14.77,-0.08
2021-11-23,17666.12,34994.93,-137.42,-0.77
2021-11-24,17642.52,34948.43,-23.6,-0.13
2021-11-25,17654.19,34971.55,11.67,0.07
2021-11-26,17369.39,34407.48,-284.8,-1.61
2021-11-29,17328.09,34325.66,-41.3,-0.24
2021-11-30,17427.76,34523.13,99.67,0.58
2021-12-01,17585.99,34836.57,158.23,0.91
2021-12-02,17724.88,35111.77,138.89,0.79
2021-12-03,17697.14,35056.82,-27.74,-0.16
2021-12-06,17688.21,35039.12,-8.93,-0.05
2021-12-07,17796.92,35254.47,108.71,0.61
2021-12-08,17832.42,35324.84,35.5,0.2
2021-12-09,17914.12,35486.84,81.7,0.46
2021-12-10,17826.26,35312.81,-87.86,-0.49
2021-12-13,17767.6,35196.71,-58.66,-0.33
2021-12-14,17599.37,34863.46,-168.23,-0.95
2021-12-15,17660.1,34983.75,60.73,0.35
2021-12-16,17785.74,35279.33,125.64,0.71
2021-12-17,17812.59,35332.58,26.85,0.15
2021-12-20,17669.11,35048.03,-143.48,-0.81
2021-12-21,17789.27,35286.39,120.16,0.68
2021-12-22,17826.83,35360.89,37.56,0.21
2021-12-23,17946.66,35598.57,119.83,0.67
2021-12-24,17961.64,35628.29,14.98,0.08
2021-12-27,18048.94,35801.46,87.3,0.49
2021-12-28,18196.81,36094.77,147.87,0.82
2021-12-29,18248.28,36196.87,51.47,0.28
2021-12-30,18218.84,36138.47,-29.44,-0.16
2022-01-03,18270.51,36240.96,51.67,0.28
2022-01-04,18526.35,36748.44,255.84,1.4
2022-01-05,18499.96,36696.09,-26.39,-0.14
2022-01-06,18367.92,36434.19,-132.04,-0.71
2022-01-07,18169.76,36041.12,-198.16,-1.08
2022-01-10,18239.38,36179.21,69.62,0.38
2022-01-11,18288.21,36276.06,48.83,0.27
2022-01-12,18375.4,36451.72,87.19,0.48
2022-01-13,18436.93,36573.78,61.53,0.33
2022-01-14,18403.33,36507.14,-33.6,-0.18
2022-01-17,18525.44,36749.36,122.11,0.66
2022-01-18,18378.64,36458.15,-146.8,-0.79
2022-01-19,18227.46,36158.25,-151.18,-0.82
2022-01-20,18218.28,36140.05,-9.18,-0.05
2022-01-21,17899.3,35507.27,-318.98,-1.75
2022-01-24,17989.04,35685.29,89.74,0.5
2022-01-25,17701.12,35114.14,-287.92,-1.6
2022-01-26,17674.4,35061.14,-26.72,-0.15
2022-02-07,17900.3,35509.26,225.9,1.28
2022-02-08,17966.56,35640.7,66.26,0.37
2022-02-09,18151.76,36008.1,185.2,1.03
2022-02-10,18338.05,36377.64,186.29,1.03
2022-02-11,18310.94,36323.85,-27.11,-0.15
2022-02-14,17997.67,35702.41,-313.27,-1.71
2022-02-15,17951.81,35611.45,-45.86,-0.25
2022-02-16,18231.47,36166.21,279.66,1.56
2022-02-17,18268.57,36239.81,37.1,0.2
2022-02-18,18232.35,36167.96,-36.22,-0.2
2022-02-21,18221.49,36146.41,-10.86,-0.06
2022-02-22,17969.29,35646.12,-252.2,-1.38
2022-02-23,18055.73,35817.6,86.44,0.48
2022-02-24,17594.55,34905.41,-461.18,-2.55
2022-02-25,17652.18,35019.74,57.63,0.33
2022-03-01,17898.25,35507.91,246.07,1.39
2022-03-02,17867.6,35447.12,-30.65,-0.17
2022-03-03,17934.4,35579.63,66.8,0.37
2022-03-04,17736.52,35187.07,-197.88,-1.1
2022-03-07,17178.69,34080.4,-557.83,-3.15
2022-03-08,16825.25,33379.22,-353.44,-2.06
2022-03-09,17015.36,33756.37,190.11,1.13
2022-03-10,17433.2,34585.32,417.84,2.46
2022-03-11,17264.74,34251.26,-168.46,-0.97
2022-03-14,17263.04,34247.9,-1.7,-0.01
2022-03-15,16926.06,33582.8,-336.98,-1.95
2022-03-16,16940.83,33658.87,14.77,0.09
2022-03-17,17448.22,34667.35,507.39,3
2022-03-18,17456.52,34687.58,8.3,0.05
2022-03-21,17560.36,34893.92,103.84,0.59
2022-03-22,17559.71,34892.65,-0.65,-0
2022-03-23,17731.37,35233.75,171.66,0.98
2022-03-24,17699.06,35172.9,-32.31,-0.18
2022-03-25,17676.95,35134.44,-22.11,-0.12
2022-03-28,17520.01,34822.7,-156.94,-0.89
2022-03-29,17548.66,34879.65,28.65,0.16
2022-03-30,17740.56,35261.35,191.9,1.09
2022-03-31,17693.47,35170.14,-47.09,-0.27
2022-04-01,17625.59,35035.36,-67.88,-0.38
2022-04-06,17522.5,34830.44,-103.09,-0.58
2022-04-07,17178.63,34153.06,-343.87,-1.96
2022-04-08,17284.54,34364.54,105.91,0.62
2022-04-11,17048.37,33895,-236.17,-1.37
2022-04-12,16990.91,33780.76,-57.46,-0.34
2022-04-13,17301.65,34398.91,310.74,1.83
2022-04-14,17245.65,34289.39,-56,-0.32
2022-04-15,17004.18,33810.23,-241.47,-1.4
2022-04-18,16898.87,33600.85,-105.31,-0.62
2022-04-19,16993.4,33788.8,94.53,0.56
2022-04-20,17148.88,34097.96,155.48,0.91
2022-04-21,17127.95,34059.54,-20.93,-0.12
2022-04-22,17025.09,33860.66,-102.86,-0.6
2022-04-25,16620.9,33056.78,-404.19,-2.37
2022-04-26,16644.79,33104.28,23.89,0.14
2022-04-27,16303.35,32425.21,-341.44,-2.05
2022-04-28,16419.38,32656.2,116.03,0.71
2022-04-29,16592.18,32999.88,172.8,1.05
2022-05-03,16498.9,32814.36,-93.28,-0.56
2022-05-04,16565.83,32947.47,66.93,0.41
2022-05-05,16696.12,33206.59,130.29,0.79
2022-05-06,16408.2,32633.97,-287.92,-1.72
2022-05-09,16048.92,31919.41,-359.28,-2.19
2022-05-10,16061.7,31944.81,12.78,0.08
2022-05-11,16006.25,31834.54,-55.45,-0.35
2022-05-12,15616.68,31059.72,-389.57,-2.43
2022-05-13,15832.54,31489.04,215.86,1.38
2022-05-16,15901.04,31625.29,68.5,0.43
2022-05-17,16056.09,31933.66,155.05,0.98
2022-05-18,16296.86,32412.52,240.77,1.5
2022-05-19,16020.32,31862.52,-276.54,-1.7
2022-05-20,16144.85,32110.18,124.53,0.78
2022-05-23,16156.41,32133.18,11.56,0.07
2022-05-24,15963.63,31751.26,-192.78,-1.19
2022-05-25,16104.03,32030.51,140.4,0.88
2022-05-26,15968.83,31762,-135.2,-0.84
2022-05-27,16266.22,32353.78,297.39,1.86
2022-05-30,16610.62,33038.79,344.4,2.12
2022-05-31,16807.77,33432.03,197.15,1.19
2022-06-01,16675.09,33169.15,-132.68,-0.79
2022-06-02,16552.57,32926.8,-122.52,-0.73
2022-06-06,16605.96,33033.84,53.39,0.32
2022-06-07,16512.88,32848.69,-93.08,-0.56
2022-06-08,16670.51,33166.38,157.63,0.95
2022-06-09,16621.34,33076.13,-49.17,-0.29
2022-06-10,16460.12,32757.15,-161.22,-0.97
2022-06-13,16070.98,31982.73,-389.14,-2.36
2022-06-14,16047.37,31936.87,-23.61,-0.15
2022-06-15,15999.25,31844.32,-48.12,-0.3
2022-06-16,15838.61,31584.23,-160.64,-1
2022-06-17,15641.26,31194.99,-197.35,-1.25
2022-06-20,15367.58,30656.95,-273.68,-1.75
2022-06-21,15728.64,31405.9,361.06,2.35
2022-06-22,15347.75,30677.99,-380.89,-2.42
2022-06-23,15176.44,30418.72,-171.31,-1.12
2022-06-24,15303.32,30677.22,126.88,0.84
2022-06-27,15548.01,31220.3,244.69,1.6
2022-06-28,15439.92,31044.99,-108.09,-0.7
2022-06-29,15240.13,30742.89,-199.79,-1.29
2022-06-30,14825.73,29955.51,-414.4,-2.72
2022-07-01,14343.08,28984.28,-482.65,-3.26
2022-07-04,14217.06,28828.92,-126.02,-0.88
2022-07-05,14349.2,29142.05,132.14,0.93
2022-07-06,13985.51,28467.18,-363.69,-2.53
2022-07-07,14336.27,29198.38,350.76,2.51
2022-07-08,14464.53,29479.35,128.26,0.89
2022-07-11,14340.53,29239.1,-124,-0.86
2022-07-12,13950.62,28472.79,-389.91,-2.72
2022-07-13,14324.68,29243.18,374.06,2.68
2022-07-14,14438.52,29527.24,113.84,0.79
2022-07-15,14550.62,29765.04,112.1,0.78
2022-07-18,14719.64,30113.26,169.02,1.16
2022-07-19,14694.08,30071.97,-25.56,-0.17
2022-07-20,14733.22,30175.46,39.14,0.27
2022-07-21,14937.7,30609.71,204.48,1.39
2022-07-22,14949.36,30634.92,11.66,0.08
2022-07-25,14936.33,30615.98,-13.03,-0.09
2022-07-26,14806.78,30390.4,-129.55,-0.87
2022-07-27,14921.59,30656.81,114.81,0.78
2022-07-28,14891.9,30630.82,-29.69,-0.2
2022-07-29,15000.07,30879.57,108.17,0.73
2022-08-01,14981.69,30862.41,-18.38,-0.12
2022-08-02,14747.23,30382.48,-234.46,-1.56
2022-08-03,14777.02,30453.48,29.79,0.2
2022-08-04,14702.2,30332.58,-74.82,-0.51
2022-08-05,15036.04,31021.45,333.84,2.27
2022-08-08,15020.41,30990.22,-15.63,-0.1
2022-08-09,15050.28,31058.17,29.87,0.2
2022-08-10,14939.02,30845.08,-111.26,-0.74
2022-08-11,15197.85,31406.04,258.83,1.73
2022-08-12,15288.97,31597.15,91.12,0.6
2022-08-15,15417.35,31862.57,128.38,0.84
2022-08-16,15420.57,31871.72,3.22,0.02
2022-08-17,15465.45,31971.14,44.88,0.29
2022-08-18,15396.76,31833.17,-68.69,-0.44
2022-08-19,15408.78,31861.63,12.02,0.08
2022-08-22,15245.14,31524.04,-163.64,-1.06
2022-08-23,15095.89,31217.56,-149.25,-0.98
2022-08-24,15069.19,31170.55,-26.7,-0.18
2022-08-25,15200.04,31453.34,130.85,0.87
2022-08-26,15278.44,31619.42,78.4,0.52
2022-08-29,14926.19,30892.09,-352.25,-2.31
2022-08-30,14953.63,30952.11,27.44,0.18
2022-08-31,15095.44,31245.85,141.81,0.95
2022-09-01,14801.86,30639.3,-293.58,-1.94
2022-09-02,14673.04,30372.86,-128.82,-0.87
2022-09-05,14661.1,30353.92,-11.94,-0.08
2022-09-06,14677.2,30389.34,16.1,0.11
2022-09-07,14410.05,29838.1,-267.15,-1.82
2022-09-08,14583.42,30197.78,173.37,1.2
2022-09-12,14807.43,30672.46,224.01,1.54
2022-09-13,14894.41,30852.69,86.98,0.59
2022-09-14,14658.31,30363.77,-236.1,-1.59
2022-09-15,14670.04,30436.31,11.73,0.08
2022-09-16,14561.76,30212.2,-108.28,-0.74
2022-09-19,14425.68,29930.43,-136.08,-0.93
2022-09-20,14549.3,30187.51,123.62,0.86
2022-09-21,14424.52,29928.95,-124.78,-0.86
2022-09-22,14284.63,29639.23,-139.89,-0.97
2022-09-23,14118.38,29294.27,-166.25,-1.16
2022-09-26,13778.19,28592.98,-340.19,-2.41
2022-09-27,13826.59,28693.45,48.4,0.35
2022-09-28,13466.07,27945.29,-360.52,-2.61
2022-09-29,13534.26,28087.05,68.19,0.51
2022-09-30,13424.58,27859.42,-109.68,-0.81
2022-10-03,13300.48,27601.9,-124.1,-0.92
2022-10-04,13576.52,28174.81,276.04,2.08
2022-10-05,13801.43,28641.56,224.91,1.66
2022-10-06,13892.05,28829.62,90.62,0.66
2022-10-07,13702.28,28435.8,-189.77,-1.37
2022-10-11,13106.03,27198.43,-596.25,-4.35
2022-10-12,13081.24,27146.98,-24.79,-0.19
2022-10-13,12810.73,26585.61,-270.51,-2.07
2022-10-14,13128.12,27244.35,317.39,2.48
2022-10-17,12966.05,26908.03,-162.07,-1.23
2022-10-18,13124.68,27238.3,158.63,1.22
2022-10-19,12976.76,26931.3,-147.92,-1.13
2022-10-20,12946.1,26867.69,-30.66,-0.24
2022-10-21,12819.2,26604.35,-126.9,-0.98
2022-10-24,12856.98,26682.76,37.78,0.29
2022-10-25,12666.12,26286.65,-190.86,-1.48
2022-10-26,12729.05,26417.25,62.93,0.5
2022-10-27,12926.37,26826.77,197.32,1.55
2022-10-28,12788.42,26540.47,-137.95,-1.07
2022-10-31,12949.75,26875.28,161.33,1.26
2022-11-01,13037.21,27056.79,87.46,0.68
2022-11-02,13100.17,27187.46,62.96,0.48
2022-11-03,12986.6,26951.77,-113.57,-0.87
2022-11-04,13026.71,27035.01,40.11,0.31
2022-11-07,13223.73,27443.89,197.02,1.51
2022-11-08,13347.76,27701.59,124.03,0.94
2022-11-09,13638.81,28305.61,291.05,2.18
2022-11-10,13503.76,28025.33,-135.05,-0.99
2022-11-11,14007.56,29070.92,503.8,3.73
2022-11-14,14174.9,29418.21,167.34,1.19
2022-11-15,14546.31,30189.11,371.41,2.62
2022-11-16,14537.35,30170.51,-8.96,-0.06
2022-11-17,14535.23,30166.4,-2.12,-0.01
2022-11-18,14504.99,30103.62,-30.24,-0.21
2022-11-21,14449.39,29988.31,-55.6,-0.38
2022-11-22,14542.2,30181.01,92.81,0.64
2022-11-23,14608.54,30318.69,66.34,0.46
2022-11-24,14784,30682.84,175.46,1.2
2022-11-25,14778.51,30671.45,-5.49,-0.04
2022-11-28,14556.87,30211.62,-221.64,-1.5
2022-11-29,14709.64,30528.67,152.77,1.05
2022-11-30,14879.55,30881.32,169.91,1.16
2022-12-01,15012.8,31157.86,133.25,0.9
2022-12-02,14970.68,31070.56,-42.12,-0.28
2022-12-05,14980.74,31091.43,10.06,0.07
2022-12-06,14728.88,30568.76,-251.86,-1.68
2022-12-07,14630.01,30363.66,-98.87,-0.67
2022-12-08,14553.04,30203.92,-76.97,-0.53
2022-12-09,14705.43,30520.19,152.39,1.05
2022-12-12,14612.59,30327.49,-92.84,-0.63
2022-12-13,14522.96,30141.47,-89.63,-0.61
2022-12-14,14739.36,30590.6,216.4,1.49
2022-12-15,14734.13,30627.96,-5.23,-0.04
2022-12-16,14528.55,30200.61,-205.58,-1.4
2022-12-19,14433.32,30003.02,-95.23,-0.66
2022-12-20,14170.03,29455.72,-263.29,-1.82
2022-12-21,14234.4,29589.52,64.37,0.45
2022-12-22,14442.94,30023.13,208.54,1.47
2022-12-23,14271.63,29667.01,-171.31,-1.19
2022-12-26,14285.13,29695.27,13.5,0.09
2022-12-27,14328.43,29785.27,43.3,0.3
2022-12-28,14173.1,29462.4,-155.33,-1.08
2022-12-29,14085.02,29279.32,-88.08,-0.62
2022-12-30,14137.69,29388.8,52.67,0.37
2023-01-03,14224.12,29568.47,86.43,0.61
2023-01-04,14199.13,29516.99,-24.99,-0.18
2023-01-05,14301.05,29728.86,101.92,0.72
2023-01-06,14373.34,29879.13,72.29,0.51
2023-01-09,14752.21,30666.73,378.87,2.64
2023-01-10,14802.96,30772.22,50.75,0.34
2023-01-11,14751.44,30665.12,-51.52,-0.35
2023-01-12,14731.64,30623.96,-19.8,-0.13
2023-01-13,14824.13,30816.23,92.49,0.63
2023-01-16,14927.01,31030.1,102.88,0.69
2023-01-17,14932.93,31042.4,5.92,0.04
2023-01-30,15493.82,32208.37,560.89,3.76
2023-01-31,15265.2,31733.12,-228.62,-1.48
2023-02-01,15420.13,32055.19,154.93,1.01
2023-02-02,15595.16,32419.15,175.03,1.14
2023-02-03,15602.66,32434.73,7.5,0.05
2023-02-06,15392.82,31998.52,-209.84,-1.34
2023-02-07,15400.91,32015.35,8.09,0.05
2023-02-08,15618.17,32466.98,217.26,1.41
2023-02-09,15598.71,32426.53,-19.46,-0.12
2023-02-10,15586.65,32401.45,-12.06,-0.08
2023-02-13,15544.28,32313.37,-42.37,-0.27
2023-02-14,15654.48,32542.47,110.2,0.71
2023-02-15,15432.89,32081.82,-221.59,-1.42
2023-02-16,15550.5,32326.3,117.61,0.76
2023-02-17,15479.7,32179.12,-70.8,-0.46
2023-02-20,15551.23,32327.83,71.53,0.46
2023-02-21,15563,32352.28,11.77,0.08
2023-02-22,15418.77,32052.47,-144.23,-0.93
2023-02-23,15615.41,32461.25,196.64,1.28
2023-02-24,15503.79,32229.2,-111.62,-0.71
2023-03-01,15598.49,32426.08,94.7,0.61
2023-03-02,15598.72,32426.54,0.23,0
2023-03-03,15608.42,32446.71,9.7,0.06
2023-03-06,15763.51,32769.12,155.09,0.99
2023-03-07,15857.89,32965.31,94.38,0.6
2023-03-08,15818.2,32882.8,-39.69,-0.25
2023-03-09,15770.66,32783.98,-47.54,-0.3
2023-03-10,15526.2,32275.79,-244.46,-1.55
2023-03-13,15560.49,32348,34.29,0.22
2023-03-14,15360.42,31932.08,-200.07,-1.29
2023-03-15,15387.59,31988.75,27.17,0.18
2023-03-16,15221.12,31700.05,-166.47,-1.08
2023-03-17,15452.96,32183.27,231.84,1.52
2023-03-20,15419.97,32114.54,-32.99,-0.21
2023-03-21,15513.45,32309.24,93.48,0.61
2023-03-22,15760.46,32823.67,247.01,1.59
2023-03-23,15863.95,33039.48,103.49,0.66
2023-03-24,15914.7,33148.03,50.75,0.32
2023-03-27,15830.31,32972.26,-84.39,-0.53
2023-03-28,15701.48,32704.51,-128.83,-0.81
2023-03-29,15769.76,32851.87,68.28,0.43
2023-03-30,15849.43,33026.44,79.67,0.51
2023-03-31,15868.06,33065.28,18.63,0.12
2023-04-06,15810.77,32945.9,-57.29,-0.36
2023-04-07,15836.5,32999.84,25.73,0.16
2023-04-10,15876.17,33082.51,39.67,0.25
2023-04-11,15913.88,33161.09,37.71,0.24
2023-04-12,15932.97,33200.86,19.09,0.12
2023-04-13,15804.76,32938.39,-128.21,-0.8
2023-04-14,15929.43,33214.59,124.67,0.79
2023-04-17,15963.55,33285.73,34.12,0.21
2023-04-18,15869.44,33089.5,-94.11,-0.59
2023-04-19,15770.47,32883.14,-98.97,-0.62
2023-04-20,15707.52,32756.06,-62.95,-0.4
2023-04-21,15602.99,32538.08,-104.53,-0.67
2023-04-24,15626.87,32587.89,23.88,0.15
2023-04-25,15370.73,32053.74,-256.14,-1.64
2023-04-26,15374.63,32061.93,3.9,0.03
2023-04-27,15411.49,32139.82,36.86,0.24
2023-04-28,15579.18,32489.54,167.69,1.09
2023-05-02,15636.48,32609.04,57.3,0.37
2023-05-03,15553.41,32435.79,-83.07,-0.53
2023-05-04,15609.03,32551.79,55.62,0.36
2023-05-05,15626.07,32587.31,17.04,0.11
2023-05-08,15699.57,32740.59,73.5,0.47
2023-05-09,15727.7,32799.25,28.13,0.18
2023-05-10,15641.76,32620.03,-85.94,-0.55
2023-05-11,15514.64,32354.94,-127.12,-0.81
2023-05-12,15502.36,32329.33,-12.28,-0.08
2023-05-15,15475.05,32272.37,-27.31,-0.18
2023-05-16,15673.9,32687.07,198.85,1.28
2023-05-17,15925.29,33211.32,251.39,1.6
2023-05-18,16101.88,33579.59,176.59,1.11
2023-05-19,16174.92,33731.9,73.04,0.45
2023-05-22,16180.89,33744.36,5.97,0.04
2023-05-23,16188.03,33759.26,7.14,0.04
2023-05-24,16159.32,33699.37,-28.71,-0.18
2023-05-25,16292,33977.47,132.68,0.82
2023-05-26,16505.05,34421.85,213.05,1.31
2023-05-29,16636.3,34696.02,131.25,0.8
2023-05-30,16622.74,34671.86,-13.56,-0.08
2023-05-31,16578.96,34581.01,-43.78,-0.26
2023-06-01,16512.65,34447.18,-66.31,-0.4
2023-06-02,16706.91,34853.76,194.26,1.18
2023-06-05,16714.43,34875.44,7.52,0.05
2023-06-06,16761.66,34979.1,47.23,0.28
2023-06-07,16922.48,35320.33,160.82,0.96
2023-06-08,16733.69,34928.14,-188.79,-1.12
2023-06-09,16886.4,35246.92,152.71,0.91
2023-06-12,16955.37,35391.81,68.97,0.41
2023-06-13,17216.6,35944.73,261.23,1.54
2023-06-14,17238.14,36000.39,21.54,0.13
2023-06-15,17334.98,36269.21,96.84,0.56
2023-06-16,17288.91,36178.33,-46.07,-0.27
2023-06-19,17274.56,36149.02,-14.35,-0.08
2023-06-20,17184.91,36055.44,-89.65,-0.52
2023-06-21,17202.4,36095.11,17.49,0.1
2023-06-26,17059.24,35797.92,-143.16,-0.83
2023-06-27,16887.9,35493.22,-171.34,-1
2023-06-28,16935.63,35608.78,47.73,0.28
2023-06-29,16942.3,35686.11,6.67,0.04
2023-06-30,16915.54,35784.54,-26.76,-0.16
2023-07-03,17084.2,36153.24,168.66,1
2023-07-04,17140.77,36401.02,56.57,0.33
2023-07-05,17056.43,36239.97,-84.34,-0.49
2023-07-06,16762.17,35636.71,-294.26,-1.73
2023-07-07,16664.21,35432.95,-97.96,-0.58
2023-07-10,16652.8,35416.05,-11.41,-0.07
2023-07-11,16898.91,35967.64,246.11,1.48
2023-07-12,16962.03,36113.95,63.12,0.37
2023-07-13,17061.4,36359.21,99.37,0.59
2023-07-14,17283.71,36840.81,222.31,1.3
2023-07-17,17334.29,36958.91,50.58,0.29
2023-07-18,17227.91,36741.47,-106.38,-0.61
2023-07-19,17116.44,36511.33,-111.47,-0.65
2023-07-20,17164.89,36641.17,48.45,0.28
2023-07-21,17030.7,36358.14,-134.19,-0.78
2023-07-24,17033.61,36365.21,2.91,0.02
2023-07-25,17198.89,36728.74,165.28,0.97
2023-07-26,17162.55,36671.3,-36.34,-0.21
2023-07-27,17241.82,36852.39,79.27,0.46
2023-07-28,17292.93,36966.99,51.11,0.3
2023-07-31,17145.43,36654.26,-147.5,-0.85
2023-08-01,17212.87,36810.67,67.44,0.39
2023-08-02,16893.73,36133.38,-319.14,-1.85
2023-08-04,16843.68,36072.73,-50.05,-0.3
2023-08-07,16996,36399.79,152.32,0.9
2023-08-08,16877.07,36145.48,-118.93,-0.7
2023-08-09,16870.94,36142.32,-6.13,-0.04
2023-08-10,16634.7,35659.69,-236.24,-1.4
2023-08-11,16601.25,35596.18,-33.45,-0.2
2023-08-14,16393.66,35151.09,-207.59,-1.25
2023-08-15,16454.8,35282.85,61.14,0.37
2023-08-16,16446.78,35269.75,-8.02,-0.05
2023-08-17,16516.66,35428.05,69.88,0.42
2023-08-18,16381.31,35141,-135.35,-0.82
2023-08-21,16381.49,35141.56,0.18,0
2023-08-22,16437.61,35262.22,56.12,0.34
2023-08-23,16576.9,35563.32,139.29,0.85
2023-08-24,16770.87,35984.99,193.97,1.17
2023-08-25,16481.58,35370.65,-289.29,-1.72
2023-08-28,16509.26,35435.95,27.68,0.17
2023-08-29,16623.65,35686.65,114.39,0.69
2023-08-30,16719.82,35893.63,96.17,0.58
2023-08-31,16634.51,35715.18,-85.31,-0.51
2023-09-01,16644.94,35737.71,10.43,0.06
2023-09-04,16789.69,36049.5,144.75,0.87
2023-09-05,16791.61,36054.19,1.92,0.01
2023-09-06,16738.16,35940.09,-53.45,-0.32
2023-09-07,16619.14,35685.61,-119.02,-0.71
2023-09-08,16576.02,35593.17,-43.12,-0.26
2023-09-11,16432.95,35295.47,-143.07,-0.86
2023-09-12,16572.71,35595.96,139.76,0.85
2023-09-13,16581.51,35615.46,8.8,0.05
2023-09-14,16807.56,36157.07,226.05,1.36
2023-09-15,16920.92,36400.92,113.36,0.67
2023-09-18,16698.24,35921.89,-222.68,-1.32
2023-09-19,16636.32,35788.88,-61.92,-0.37
2023-09-20,16534.75,35573.23,-101.57,-0.61
2023-09-21,16316.67,35104.04,-218.08,-1.32
2023-09-22,16344.48,35163.86,27.81,0.17
2023-09-25,16452.23,35395.68,107.75,0.66
2023-09-26,16276.07,35019.7,-176.16,-1.07
2023-09-27,16310.36,35093.53,34.29,0.21
2023-09-28,16353.74,35186.86,43.38,0.27
2023-10-02,16557.31,35624.87,203.57,1.24
2023-10-03,16454.34,35403.55,-102.97,-0.62
2023-10-04,16273.38,35014.29,-180.96,-1.1
2023-10-05,16453.52,35401.95,180.14,1.11
2023-10-06,16520.57,35546.64,67.05,0.41
2023-10-11,16672.03,35872.53,151.46,0.92
2023-10-12,16825.91,36203.68,153.88,0.92
2023-10-13,16782.57,36110.42,-43.34,-0.26
2023-10-16,16652.24,35830,-130.33,-0.78
2023-10-17,16642.55,35809.14,-9.69,-0.06
2023-10-18,16440.91,35375.35,-201.64,-1.21
2023-10-19,16452.73,35400.88,11.82,0.07
2023-10-20,16440.72,35375.04,-12.01,-0.07
2023-10-23,16251.36,34967.59,-189.36,-1.15
2023-10-24,16309.76,35093.27,58.4,0.36
2023-10-25,16358.89,35198.98,49.13,0.3
2023-10-26,16073.74,34585.52,-285.15,-1.74
2023-10-27,16134.61,34716.5,60.87,0.38
2023-10-30,16149.68,34748.92,15.07,0.09
2023-10-31,16001.27,34430.12,-148.41,-0.92
2023-11-01,16038.56,34510.66,37.29,0.23
2023-11-02,16396.95,35281.8,358.39,2.23
2023-11-03,16507.65,35520,110.7,0.68
2023-11-06,16649.36,35824.94,141.71,0.86
2023-11-07,16684.95,35901.51,35.59,0.21
2023-11-08,16740.83,36021.75,55.88,0.33
2023-11-09,16745.65,36032.13,4.82,0.03
2023-11-10,16682.67,35896.6,-62.98,-0.38
2023-11-13,16839.29,36233.61,156.62,0.94
2023-11-14,16915.71,36398.05,76.42,0.45
2023-11-15,17128.78,36856.51,213.07,1.26
2023-11-16,17171.18,36947.74,42.4,0.25
2023-11-17,17208.95,37029.06,37.77,0.22
2023-11-20,17210.47,37032.36,1.52,0.01
2023-11-21,17416.7,37476.12,206.23,1.2
2023-11-22,17310.26,37247.09,-106.44,-0.61
2023-11-23,17294.55,37213.6,-15.71,-0.09
2023-11-24,17287.42,37198.24,-7.13,-0.04
2023-11-27,17137.42,36875.5,-150,-0.87
2023-11-28,17341.25,37314.34,203.83,1.19
2023-11-29,17370.56,37377.44,29.31,0.17
2023-11-30,17433.85,37513.62,63.29,0.36
2023-12-01,17438.35,37523.31,4.5,0.03
2023-12-04,17421.48,37487.01,-16.87,-0.1
2023-12-05,17328.01,37285.88,-93.47,-0.54
2023-12-06,17360.72,37356.41,32.71,0.19
2023-12-07,17278.74,37182.51,-81.98,-0.47
2023-12-08,17383.99,37408.99,105.25,0.61
2023-12-11,17418.34,37482.9,34.35,0.2
2023-12-12,17450.63,37552.4,32.29,0.19
2023-12-13,17468.93,37591.78,18.3,0.1
2023-12-14,17653.11,38042.17,184.18,1.05
2023-12-15,17673.87,38086.91,20.76,0.12
2023-12-18,17652.03,38039.93,-21.84,-0.12
2023-12-19,17576.55,37877.27,-75.48,-0.43
2023-12-20,17635.2,38003.67,58.65,0.33
2023-12-21,17543.74,37806.92,-91.46,-0.52
2023-12-22,17596.63,37920.89,52.89,0.3
2023-12-25,17604.84,37938.58,8.21,0.05
2023-12-26,17751.73,38255.28,146.89,0.83
2023-12-27,17891.5,38556.5,139.77,0.79
2023-12-28,17910.37,38597.16,18.87,0.11
2023-12-29,17930.81,38641.2,20.44,0.11
2024-01-02,17853.76,38475.17,-77.05,-0.43
2024-01-03,17559.31,37840.62,-294.45,-1.65
2024-01-04,17549.65,37846.73,-9.66,-0.06
2024-01-05,17519.14,37780.93,-30.51,-0.17
2024-01-08,17572.66,37896.36,53.52,0.31
2024-01-09,17535.49,37816.2,-37.17,-0.21
2024-01-10,17465.63,37665.54,-69.86,-0.4
2024-01-11,17545.32,37837.4,79.69,0.46
2024-01-12,17512.83,37767.32,-32.49,-0.19
2024-01-15,17546.82,37840.64,33.99,0.19
2024-01-16,17346.87,37409.42,-199.95,-1.14
2024-01-17,17161.79,37010.29,-185.08,-1.07
2024-01-18,17227.79,37152.63,66,0.38
2024-01-19,17681.52,38131.13,453.73,2.63
2024-01-22,17815.1,38419.19,133.58,0.76
2024-01-23,17874.59,38547.48,59.49,0.33
2024-01-24,17875.83,38550.16,1.24,0.01
2024-01-25,18002.62,38823.59,126.79,0.71
2024-01-26,17995.03,38807.22,-7.59,-0.04
2024-01-29,18119.63,39075.93,124.6,0.69
2024-01-30,18034.63,38892.62,-85,-0.47
2024-01-31,17889.56,38579.77,-145.07,-0.8
2024-02-01,17968.11,38749.16,78.55,0.44
2024-02-02,18059.93,38947.18,91.82,0.51
2024-02-05,18096.07,39025.11,36.14,0.2
2024-02-15,18644.57,40207.99,548.5,3.03
2024-02-16,18607.25,40127.51,-37.32,-0.2
2024-02-19,18635.8,40189.07,28.55,0.15
2024-02-20,18753.16,40442.16,117.36,0.63
2024-02-21,18676.31,40276.45,-76.85,-0.41
2024-02-22,18852.78,40657,176.47,0.94
2024-02-23,18889.19,40735.52,36.41,0.19
2024-02-26,18948.05,40862.45,58.86,0.31
2024-02-27,18854.41,40660.52,-93.64,-0.49
2024-02-29,18966.77,40902.82,112.36,0.6
2024-03-01,18935.93,40836.31,-30.84,-0.16
2024-03-04,19305.31,41632.9,369.38,1.95
2024-03-05,19386.92,41808.91,81.61,0.42
2024-03-06,19499.45,42051.58,112.53,0.58
2024-03-07,19693.52,42470.1,194.07,1
2024-03-08,19785.32,42668.07,91.8,0.47
2024-03-11,19726.08,42540.32,-59.24,-0.3
2024-03-12,19914.55,42946.76,188.47,0.96
2024-03-13,19928.51,42976.87,13.96,0.07
2024-03-14,19937.92,42998.03,9.41,0.05
2024-03-15,19682.5,42447.2,-255.42,-1.28
2024-03-18,19879.85,42935.74,197.35,1
2024-03-19,19857.2,42887.08,-22.65,-0.11
2024-03-20,19784.45,42729.97,-72.75,-0.37
2024-03-21,20199.09,43630.49,414.64,2.1
2024-03-22,20228.43,43697.33,29.34,0.15
2024-03-25,20192.25,43619.26,-36.18,-0.18
2024-03-26,20126.49,43477.8,-65.76,-0.33
2024-03-27,20200.12,43641.03,73.63,0.37
2024-03-28,20146.55,43534.18,-53.57,-0.27
2024-03-29,20294.45,43858.44,147.9,0.73
2024-04-01,20222.33,43702.62,-72.12,-0.36
2024-04-02,20466.57,44230.9,244.24,1.21
2024-04-03,20337.6,43952.45,-128.97,-0.63
2024-04-08,20417.7,44125.6,80.1,0.39
2024-04-09,20796.2,44943.61,378.5,1.85
2024-04-10,20763.53,44872.99,-32.67,-0.16
2024-04-11,20753.22,44856.39,-10.31,-0.05
2024-04-12,20736.57,44844.18,-16.65,-0.08
2024-04-15,20449.77,44223.94,-286.8,-1.38
2024-04-16,19901.96,43039.29,-547.81,-2.68
2024-04-17,20213.33,43712.64,311.37,1.56
2024-04-18,20301.2,43903.96,87.87,0.43
2024-04-19,19527.12,42230.39,-774.08,-3.81
2024-04-22,19411.22,41979.74,-115.9,-0.59
2024-04-23,19599.28,42386.44,188.06,0.97
2024-04-24,20131.74,43537.96,532.46,2.72
2024-04-25,19857.42,42946.11,-274.32,-1.36
2024-04-26,20120.51,43515.12,263.09,1.32
2024-04-29,20495.52,44326.15,375.01,1.86
2024-04-30,20396.6,44112.21,-98.92,-0.48
2024-05-02,20222.44,43735.55,-174.16,-0.85
2024-05-03,20330.32,43968.87,107.88,0.53
2024-05-06,20523.31,44386.24,192.99,0.95
2024-05-07,20653.53,44667.87,130.22,0.63
2024-05-08,20700.51,44769.5,46.98,0.23
2024-05-09,20560.77,44467.27,-139.74,-0.68
2024-05-10,20708.84,44787.5,148.07,0.72
2024-05-13,20857.71,45109.46,148.87,0.72
2024-05-14,20985.85,45386.61,128.14,0.61
2024-05-15,21147.21,45735.57,161.36,0.77
2024-05-16,21304.26,46075.24,157.05,0.74
2024-05-17,21258.47,45976.31,-45.79,-0.21
2024-05-20,21271.63,46004.77,13.16,0.06
2024-05-21,21236.75,45929.33,-34.88,-0.16
2024-05-22,21551.83,46610.76,315.08,1.48
2024-05-23,21607.43,46731.01,55.6,0.26
2024-05-24,21565.34,46639.97,-42.09,-0.19
2024-05-27,21803.77,47155.74,238.43,1.11
2024-05-28,21858.41,47273.9,54.64,0.25
2024-05-29,21662.5,46850.42,-195.91,-0.9
2024-05-30,21364.48,46207.63,-298.02,-1.38
2024-05-31,21174.22,45797.29,-190.26,-0.89
2024-06-03,21536.76,46583.96,362.54,1.71
2024-06-04,21356.62,46196.03,-180.14,-0.84
2024-06-05,21484.88,46477.92,128.26,0.6
2024-06-06,21902.7,47384.11,417.82,1.94
2024-06-07,21858.38,47289.2,-44.32,-0.2
2024-06-11,21792.12,47151.88,-66.26,-0.3
2024-06-12,22048.96,47711.37,256.84,1.18
2024-06-13,22312.04,48348.58,263.08,1.19
2024-06-14,22504.72,48767.02,192.68,0.86
2024-06-17,22496.53,48750.2,-8.19,-0.04
2024-06-18,22757.43,49339.22,260.9,1.16
2024-06-19,23209.54,50321.38,452.11,1.99
2024-06-20,23406.1,50772.22,196.56,0.85
2024-06-21,23253.39,50445.25,-152.71,-0.65
2024-06-24,22813.7,49505.93,-439.69,-1.89
2024-06-25,22875.97,49650.53,62.27,0.27
2024-06-26,22986.69,49896.81,110.72,0.48
2024-06-27,22905.98,49769.18,-80.71,-0.35
2024-06-28,23032.25,50048.9,126.27,0.55
2024-07-01,23058.57,50159.02,26.32,0.11
2024-07-02,22879.37,49852.62,-179.2,-0.78
2024-07-03,23172.43,50501.99,293.06,1.28
2024-07-04,23522.53,51339,350.1,1.51
2024-07-05,23556.59,51415.47,34.06,0.14
2024-07-08,23878.15,52135.78,321.56,1.37
2024-07-09,23900.08,52209.5,21.93,0.09
2024-07-10,24007.08,52479.11,107,0.45
2024-07-11,24390.03,53330.65,382.95,1.6
2024-07-12,23916.93,52302.48,-473.1,-1.94
2024-07-15,23879.36,52248.36,-37.57,-0.16
2024-07-16,23997.25,52529.47,117.89,0.49
2024-07-17,23769.82,52045.59,-227.43,-0.95
2024-07-18,23398.47,51266.41,-371.35,-1.56
2024-07-19,22869.26,50130.36,-529.21,-2.26
2024-07-22,22256.99,48792.77,-612.27,-2.68
2024-07-23,22871.84,50151.75,614.85,2.76
2024-07-26,22119.21,48539.19,-752.63,-3.29
2024-07-29,22164.49,48644.25,45.28,0.2
2024-07-30,22223.57,48777.14,59.08,0.27
2024-07-31,22199.35,48730.19,-24.22,-0.11
2024-08-01,22642.1,49729.5,442.75,1.99
2024-08-02,21638.09,47524.87,-1004.01,-4.43
2024-08-05,19830.88,43565.81,-1807.21,-8.35
2024-08-06,20501.02,45043.44,670.14,3.38
2024-08-07,21295.28,46789.33,794.26,3.87
2024-08-08,20870.1,45880.56,-425.18,-2
2024-08-09,21469,47197.17,598.9,2.87
2024-08-12,21773.26,47867.63,304.26,1.42
2024-08-13,21796.57,47931.29,23.31,0.11
2024-08-14,22027.25,48445.96,230.68,1.06
2024-08-15,21895.17,48167.04,-132.08,-0.6
2024-08-16,22349.33,49168.48,454.16,2.07
2024-08-19,22409.63,49305.49,60.3,0.27
2024-08-20,22429.1,49349.07,19.47,0.09
2024-08-21,22237.89,48929.24,-191.21,-0.85
2024-08-22,22148.83,48743.9,-89.06,-0.4
2024-08-23,22158.05,48766.18,9.22,0.04
2024-08-26,22240.12,48951.57,82.07,0.37
2024-08-27,22185,48839.28,-55.12,-0.25
2024-08-28,22370.66,49252.17,185.66,0.84
2024-08-29,22201.85,48885.27,-168.81,-0.75
2024-08-30,22268.09,49032.31,66.24,0.3
2024-09-02,22235.1,48960.74,-32.99,-0.15
2024-09-03,22092.21,48647.56,-142.89,-0.64
2024-09-04,21092.75,46447.84,-999.46,-4.52
2024-09-05,21187.71,46663.02,94.96,0.45
2024-09-06,21435.19,47208.33,247.48,1.17
2024-09-09,21144.44,46568.93,-290.75,-1.36
2024-09-10,21064.08,46391.97,-80.36,-0.38
2024-09-11,21031,46319.12,-33.08,-0.16
2024-09-12,21653.25,47767.18,622.25,2.96
2024-09-13,21759.65,48002.35,106.4,0.49
2024-09-16,21850.08,48201.91,90.43,0.42
2024-09-18,21678.84,47824.16,-171.24,-0.78
2024-09-19,22042.69,48627.23,363.85,1.68
2024-09-20,22159.42,48884.73,116.73,0.53
2024-09-23,22285.53,49162.92,126.11,0.57
2024-09-24,22431.78,49486.36,146.25,0.66
2024-09-25,22761.6,50214.86,329.82,1.47
2024-09-26,22858.81,50433.97,97.21,0.43
2024-09-27,22822.79,50354.5,-36.02,-0.16
2024-09-30,22224.54,49034.57,-598.25,-2.62
2024-10-01,22390.39,49400.47,165.85,0.75
2024-10-04,22302.71,49207.14,-87.68,-0.39
2024-10-07,22702.56,50089.32,399.85,1.79
2024-10-08,22611.39,49888.19,-91.17,-0.4
2024-10-09,22659.08,49993.41,47.69,0.21
2024-10-11,22901.64,50528.56,242.56,1.07
2024-10-14,22975.29,50691.06,73.65,0.32
2024-10-15,23292.04,51389.92,316.75,1.38
2024-10-16,23010.98,50769.8,-281.06,-1.21
2024-10-17,23053.84,50864.37,42.86,0.19
2024-10-18,23487.27,51820.95,433.43,1.88
2024-10-21,23542.53,51942.88,55.26,0.24
2024-10-22,23535.43,51927.27,-7.1,-0.03
2024-10-23,23334.76,51484.62,-200.67,-0.85
2024-10-24,23192.52,51170.78,-142.24,-0.61
2024-10-25,23348.45,51514.82,155.93,0.67
2024-10-28,23198.07,51183.03,-150.38,-0.64
2024-10-29,22926.59,50584.04,-271.48,-1.17
2024-10-30,22820.43,50349.83,-106.16,-0.46
2024-11-01,22780.08,50261.53,-40.35,-0.18
2024-11-04,22965.39,50670.37,185.31,0.81
2024-11-05,23106.79,50982.36,141.4,0.62
2024-11-06,23217.38,51226.38,110.59,0.48
2024-11-07,23408.82,51648.76,191.44,0.82
2024-11-08,23553.89,51968.85,145.07,0.62
2024-11-11,23529.64,51915.34,-24.25,-0.1
2024-11-12,22981.77,50706.53,-547.87,-2.33
2024-11-13,22860.23,50438.36,-121.54,-0.53
2024-11-14,22715.38,50118.77,-144.85,-0.63
2024-11-15,22742.77,50179.21,27.39,0.12
2024-11-18,22546.54,49746.25,-196.23,-0.86
2024-11-19,22848.8,50413.13,302.26,1.34
2024-11-20,22688.36,50059.15,-160.44,-0.7
2024-11-21,22555.66,49766.37,-132.7,-0.58
2024-11-22,22904.32,50535.64,348.66,1.55
2024-11-25,22948.37,50633.11,44.05,0.19
2024-11-26,22678.76,50038.25,-269.61,-1.17
2024-11-27,22334.78,49279.3,-343.98,-1.52
2024-11-28,22298.9,49200.65,-35.88,-0.16
2024-11-29,22262.5,49120.33,-36.4,-0.16
2024-12-02,22736.93,50167.12,474.43,2.13
2024-12-03,23027.46,50808.14,290.53,1.28
2024-12-04,23255.33,51310.92,227.87,0.99
2024-12-05,23267.94,51338.84,12.61,0.05
2024-12-06,23193.27,51174.1,-74.67,-0.32
2024-12-09,23273.25,51350.59,79.98,0.34
2024-12-10,23125.08,51027.33,-148.17,-0.64
2024-12-11,22903.63,50538.67,-221.45,-0.96
2024-12-12,23046.8,50926.92,143.17,0.63
2024-12-13,23020.48,50868.77,-26.32,-0.11
2024-12-16,23039.9,50911.67,19.42,0.08
2024-12-17,23018.01,50863.3,-21.89,-0.1
2024-12-18,23168.67,51197.77,150.66,0.65
2024-12-19,22932.25,50675.89,-236.42,-1.02
2024-12-20,22510.25,49743.34,-422,-1.84
2024-12-23,23104.54,51056.61,594.29,2.64
2024-12-24,23120.24,51091.32,15.7,0.07
2024-12-25,23220.13,51312.04,99.89,0.43
2024-12-26,23246.94,51371.36,26.81,0.12
2024-12-27,23275.68,51434.88,28.74,0.12
2024-12-30,23190.2,51245.97,-85.48,-0.37
2024-12-31,23035.1,50903.23,-155.1,-0.67
2025-01-02,22832.06,50486.46,-203.04,-0.88
2025-01-03,22908.3,50655.05,76.24,0.33
2025-01-06,23547.71,52068.92,639.41,2.79
2025-01-07,23651.27,52297.92,103.56,0.44
2025-01-08,23407.33,51758.5,-243.94,-1.03
2025-01-09,23081.13,51037.21,-326.2,-1.39
2025-01-10,23011.86,50884.04,-69.27,-0.3
2025-01-13,22488.33,49726.4,-523.53,-2.28
2025-01-14,22797.52,50410.09,309.19,1.37
2025-01-15,22514.57,49784.43,-282.95,-1.24
2025-01-16,23025.1,50913.3,510.53,2.27
2025-01-17,23148.08,51185.24,122.98,0.53
2025-01-20,23266.82,51447.8,118.74,0.51
2025-01-21,23300.01,51521.48,33.19,0.14
2025-01-22,23525.41,52019.89,225.4,0.97
2025-02-03,22694.71,50183.03,-830.7,-3.53
2025-02-04,22793.96,50402.49,99.25,0.44
2025-02-05,23161.58,51215.38,367.62,1.61
2025-02-06,23316.6,51558.16,155.02,0.67
2025-02-07,23478.27,51915.65,161.67,0.69
2025-02-10,23252.14,51415.63,-226.13,-0.96
2025-02-11,23384.05,51707.3,131.91,0.57
2025-02-12,23289.75,51498.78,-94.3,-0.4
2025-02-13,23399.41,51741.27,109.66,0.47
2025-02-14,23152.61,51195.54,-246.8,-1.05
2025-02-17,23505.33,51975.47,352.72,1.52
2025-02-18,23666.11,52331.01,160.78,0.68
2025-02-19,23604.08,52193.85,-62.03,-0.26
2025-02-20,23487.46,51935.96,-116.62,-0.49
2025-02-21,23730.25,52472.84,242.79,1.03
2025-02-24,23565.31,52108.12,-164.94,-0.7
2025-02-25,23285.72,51489.87,-279.59,-1.19
2025-02-26,23402.55,51748.22,116.83,0.5
2025-02-27,23053.18,50975.67,-349.37,-1.49
2025-03-03,22756.25,50319.09,-296.93,-1.29
2025-03-04,22596.88,49966.71,-159.37,-0.7
2025-03-05,22871.9,50574.84,275.02,1.22
2025-03-06,22715.43,50228.85,-156.47,-0.68
2025-03-07,22576.07,49920.68,-139.36,-0.61
2025-03-10,22459.15,49662.16,-116.92,-0.52
2025-03-11,22071.09,48804.06,-388.06,-1.73
2025-03-12,22278.36,49262.37,207.27,0.94
2025-03-13,21961.68,48563.54,-316.68,-1.42
2025-03-14,21968.05,48577.62,6.37,0.03
2025-03-17,22118.63,48910.7,150.58,0.69
2025-03-18,22271.67,49330.94,153.04,0.69
2025-03-19,21960.83,48642.44,-310.84,-1.4
2025-03-20,22377.26,49577.9,416.43,1.9
2025-03-21,22209.1,49206.44,-168.16,-0.75
2025-03-24,22106.64,48979.66,-102.46,-0.46
2025-03-25,22273.19,49349.28,166.55,0.75
2025-03-26,22260.29,49321.23,-12.9,-0.06
2025-03-27,21951.76,48649.66,-308.53,-1.39
2025-03-28,21602.89,47876.79,-348.87,-1.59
2025-03-31,20695.9,45866.82,-906.99,-4.2
2025-04-01,21280.17,47166.3,584.27,2.82
2025-04-02,21298.22,47206.32,18.05,0.08
2025-04-07,19232.35,42627.45,-2065.87,-9.7
2025-04-08,18459.95,40915.49,-772.4,-4.02
2025-04-09,17391.76,38547.9,-1068.19,-5.79
2025-04-10,19000.03,42114.04,1608.27,9.25
2025-04-11,19528.77,43286.58,528.74,2.78
2025-04-14,19513.09,43251.81,-15.68,-0.08
2025-04-15,19857.67,44015.61,344.58,1.77
2025-04-16,19468,43151.88,-389.67,-1.96
2025-04-17,19338.73,42868.63,-129.27,-0.66
2025-04-18,19395.03,42993.52,56.3,0.29
2025-04-21,19106.2,42353.26,-288.83,-1.49
2025-04-22,18793.43,41659.94,-312.77,-1.64
2025-04-23,19639.14,43534.64,845.71,4.5
2025-04-24,19478.81,43181.51,-160.33,-0.82
2025-04-25,19872.73,44054.94,393.92,2.02
2025-04-28,20034.41,44413.35,161.68,0.81
2025-04-29,20232.63,44852.79,198.22,0.99
2025-04-30,20235.03,44858.1,2.4,0.01
2025-05-02,20787.64,46083.15,552.61,2.73
2025-05-05,20532.99,45518.63,-254.65,-1.23
2025-05-06,20522.59,45495.58,-10.4,-0.05
2025-05-07,20546.49,45548.57,23.9,0.12
2025-05-08,20543.4,45541.7,-3.09,-0.02
2025-05-09,20915.04,46365.58,371.64,1.81
2025-05-12,21129.54,46841.1,214.5,1.03
2025-05-13,21330.14,47285.85,200.6,0.95
2025-05-14,21782.87,48289.47,452.73,2.12
2025-05-15,21730.25,48172.83,-52.62,-0.24
2025-05-16,21843.69,48424.31,113.44,0.52
2025-05-19,21523.83,47715.23,-319.86,-1.46
2025-05-20,21526.03,47720.09,2.2,0.01
2025-05-21,21803.91,48336.11,277.88,1.29
2025-05-22,21670.96,48046.91,-132.95,-0.61
2025-05-23,21652.24,48005.4,-18.72,-0.09
2025-05-26,21536.57,47748.95,-115.67,-0.53
2025-05-27,21336.54,47306.54,-200.03,-0.93
2025-05-28,21357.72,47355.66,21.18,0.1
2025-05-29,21347.3,47332.56,-10.42,-0.05
2025-06-02,21002.71,46569.74,-344.59,-1.61
2025-06-03,21126.93,46856.93,124.22,0.59
2025-06-04,21618.09,47947.73,491.16,2.32
2025-06-05,21674.43,48072.81,56.34,0.26
2025-06-06,21660.66,48042.29,-13.77,-0.06
2025-06-09,21790.29,48329.93,129.63,0.6
2025-06-10,22242.14,49336.29,451.85,2.07
2025-06-11,22470.1,49845.86,227.96,1.02
2025-06-12,22287.82,49534.6,-182.28,-0.81
2025-06-13,22072.95,49070.32,-214.87,-0.96
2025-06-16,22049.9,49027.83,-23.05,-0.1
2025-06-17,22211.59,49419.49,161.69,0.73
2025-06-18,22356.73,49746.91,145.14,0.65
2025-06-19,22003.5,49022.06,-353.23,-1.58
2025-06-20,22045.74,49127.61,42.24,0.19
2025-06-23,21732.02,48437.09,-313.72,-1.42
2025-06-24,22188.76,49509.89,456.74,2.1
2025-06-25,22430.61,50058.43,241.85,1.09
2025-06-26,22492.34,50224.51,61.73,0.28
2025-06-27,22580.08,50427.06,87.74,0.39
2025-06-30,22256.02,49791.93,-324.06,-1.44
2025-07-01,22553.72,50527.22,297.7,1.34
2025-07-02,22577.74,50672.94,24.02,0.11
2025-07-03,22712.97,51049.21,135.23,0.6
2025-07-04,22547.5,50678.19,-165.47,-0.73
2025-07-07,22428.72,50415.15,-118.78,-0.53
2025-07-08,22362.27,50278.7,-66.45,-0.3
2025-07-09,22527.01,50715.81,164.74,0.74
2025-07-10,22693.25,51118.84,166.24,0.74
2025-07-11,22751.03,51254.2,57.78,0.25
2025-07-14,22614.97,50982.13,-136.06,-0.6
2025-07-15,22835.94,51498.65,220.97,0.98
2025-07-16,23042.9,51974.2,206.96,0.91
2025-07-17,23113.28,52160.94,70.38,0.31
2025-07-18,23383.13,52773.96,269.85,1.17
2025-07-21,23340.56,52680.96,-42.57,-0.18
2025-07-22,22987.92,51905.67,-352.64,-1.51
2025-07-23,23318.67,52657.75,330.75,1.44
2025-07-24,23373.73,52799.26,55.06,0.24
2025-07-25,23364.38,52783.23,-9.35,-0.04
2025-07-28,23412.98,52894.49,48.6,0.21
2025-07-29,23201.52,52418.25,-211.46,-0.9
2025-07-30,23461.72,53024.7,260.2,1.12
2025-07-31,23542.52,53241.87,80.8,0.34
2025-08-01,23434.38,52997.73,-108.14,-0.46
2025-08-04,23378.94,52873.7,-55.44,-0.24
2025-08-05,23660.59,53516.83,281.65,1.2
2025-08-06,23447.36,53036.14,-213.23,-0.9
2025-08-07,24003.77,54325.17,556.41,2.37
2025-08-08,24021.26,54367.25,17.49,0.07
2025-08-11,24135.5,54627.86,114.24,0.48
2025-08-12,24158.36,54696.4,22.86,0.09
2025-08-13,24370.02,55197.85,211.66,0.88
2025-08-14,24238.1,54902.49,-131.92,-0.54
2025-08-15,24334.48,55122.88,96.38,0.4
2025-08-18,24482.52,55458.79,148.04,0.61
2025-08-19,24353.5,55173.11,-129.02,-0.53
2025-08-20,23625.44,53523.93,-728.06,-2.99
2025-08-21,23962.13,54300.41,336.69,1.43
2025-08-22,23764.47,53853.13,-197.66,-0.82
2025-08-25,24277.38,55019.08,512.91,2.16
2025-08-26,24305.1,55085.2,27.72,0.11
2025-08-27,24519.9,55573.36,214.8,0.88
2025-08-28,24236.45,54944.81,-283.45,-1.16
2025-08-29,24233.1,54937.67,-3.35,-0.01
2025-09-01,24071.73,54572.57,-161.37,-0.67
2025-09-02,24016.78,54454.98,-54.95,-0.23
2025-09-03,24100.3,54644.67,83.52,0.35
2025-09-04,24179.85,54829.75,79.55,0.33
2025-09-05,24494.58,55543.47,314.73,1.3
2025-09-08,24547.38,55664.43,52.8,0.22
2025-09-09,24855.18,56362.76,307.8,1.25
2025-09-10,25192.59,57137.59,337.41,1.36
2025-09-11,25215.71,57190.09,23.12,0.09
2025-09-12,25474.64,57777.38,258.93,1.03
2025-09-15,25357.16,57511.37,-117.48,-0.46
2025-09-16,25629.64,58222.31,272.48,1.07
2025-09-17,25438.25,57787.89,-191.39,-0.75
2025-09-18,25769.36,58542.19,331.11,1.3
2025-09-19,25578.37,58108.3,-190.99,-0.74
2025-09-22,25880.6,58794.92,302.23,1.18
2025-09-23,26247.37,59630.95,366.77,1.42
2025-09-24,26196.73,59515.92,-50.64,-0.19
2025-09-25,26023.85,59128.11,-172.88,-0.66
2025-09-26,25580.32,58120.39,-443.53,-1.7
2025-09-30,25820.54,58666.67,240.22,0.94
2025-10-01,25982.91,59035.59,162.37,0.63
2025-10-02,26378.39,59934.34,395.48,1.52
2025-10-03,26761.06,60804.03,382.67,1.45
2025-10-07,27211.95,61828.55,450.89,1.68
2025-10-08,27063.68,61491.72,-148.27,-0.54
2025-10-09,27301.92,62033.02,238.24,0.88
2025-10-13,26923.42,61173.03,-378.5,-1.39
2025-10-14,26793.15,60877.04,-130.27,-0.48
2025-10-15,27275.71,61973.47,482.56,1.8
2025-10-16,27647.87,62819.33,372.16,1.36
2025-10-17,27302.37,62034.31,-345.5,-1.25
2025-10-20,27688.63,62911.94,386.26,1.41
2025-10-21,27752.41,63056.93,63.78,0.23
2025-10-22,27648.91,62821.76,-103.5,-0.37
2025-10-23,27532.26,62556.91,-116.65,-0.42
2025-10-27,27993.63,63605.41,461.37,1.68
2025-10-28,27949.11,63504.33,-44.52,-0.16
2025-10-29,28294.74,64289.65,345.63,1.24
2025-10-30,28287.53,64273.28,-7.21,-0.03
2025-10-31,28233.35,64150.19,-54.18,-0.19
2025-11-03,28334.59,64380.22,101.24,0.36
2025-11-04,28116.56,63884.88,-218.03,-0.77
2025-11-05,27717.06,62977.17,-399.5,-1.42
2025-11-06,27899.45,63391.57,182.39,0.66
2025-11-07,27651.41,62827.98,-248.04,-0.89
2025-11-10,27869.51,63323.54,218.1,0.79
2025-11-11,27784.95,63131.41,-84.56,-0.3
2025-11-12,27947.09,63499.81,162.14,0.58
2025-11-13,27903.56,63400.91,-43.53,-0.16
2025-11-14,27397.5,62251.08,-506.06,-1.81
2025-11-17,27447.31,62364.25,49.81,0.18
2025-11-18,26756.12,60793.77,-691.19,-2.52
2025-11-19,26580.12,60393.87,-176,-0.66
2025-11-20,27426.36,62316.65,846.24,3.18
2025-11-21,26434.94,60063.99,-991.42,-3.61
2025-11-24,26504.24,60221.51,69.3,0.26
2025-11-25,26912.17,61148.37,407.93,1.54
2025-11-26,27409.54,62278.47,497.37,1.85
2025-11-27,27554.53,62607.98,144.99,0.53
2025-11-28,27626.48,62771.46,71.95,0.26
2025-12-01,27342.53,62126.28,-283.95,-1.03
2025-12-02,27564.27,62630.12,221.74,0.81
2025-12-03,27793.04,63149.99,228.77,0.83
2025-12-04,27795.71,63156.05,2.67,0.01
2025-12-05,27980.89,63576.81,185.18,0.67
2025-12-08,28303.78,64310.47,322.89,1.15
2025-12-09,28182.6,64035.66,-121.18,-0.43
2025-12-10,28400.73,64531.31,218.13,0.77
2025-12-11,28024.75,63767.6,-375.98,-1.32
2025-12-12,28198.02,64161.86,173.27,0.62
2025-12-15,27866.94,63408.51,-331.08,-1.17
2025-12-16,27536.66,62657,-330.28,-1.19
2025-12-17,27525.17,62630.84,-11.49,-0.04
2025-12-18,27468.53,62502.32,-56.64,-0.21
2025-12-19,27696.35,63020.79,227.82,0.83
2025-12-22,28149.64,64052.29,453.29,1.64
2025-12-23,28310.47,64419.6,160.83,0.57
2025-12-24,28371.98,64559.75,61.51,0.22
2025-12-26,28556.02,64978.52,184.04,0.65
2025-12-29,28810.89,65558.49,254.87,0.89
2025-12-30,28707.13,65322.39,-103.76,-0.36
2025-12-31,28963.6,65905.98,256.47,0.89
2026-01-02,29349.81,66784.78,386.21,1.33
2026-01-05,30105.04,68503.29,755.23,2.57
2026-01-06,30576.3,69608.78,471.26,1.57
2026-01-07,30435.47,69288.18,-140.83,-0.46
2026-01-08,30360.55,69118.22,-74.92,-0.25
2026-01-09,30288.96,68955.23,-71.59,-0.24
2026-01-12,30567.29,69588.87,278.33,0.92
2026-01-13,30707.22,69907.42,139.93,0.46
2026-01-14,30941.78,70441.42,234.56,0.76
2026-01-15,30810.58,70142.74,-131.2,-0.42
2026-01-16,31408.7,71504.42,598.12,1.94
2026-01-19,31639.29,72029.36,230.59,0.73
2026-01-20,31759.99,72304.15,120.7,0.38
2026-01-21,31246.37,71134.86,-513.62,-1.62
2026-01-22,31746.08,72272.56,499.71,1.6
2026-01-23,31961.51,72762.98,215.43,0.68
2026-01-26,32064.52,72997.5,103.01,0.32
2026-01-27,32317.92,73574.39,253.4,0.79
2026-01-28,32803.82,74680.58,485.9,1.5
2026-01-29,32536.27,74071.48,-267.55,-0.82
2026-01-30,32063.75,72995.76,-472.52,-1.45
2026-02-02,31624.03,71994.7,-439.72,-1.37
2026-02-03,32195.36,73295.38,571.33,1.81
2026-02-04,32289.81,73510.4,94.45,0.29
2026-02-05,31801.27,72398.2,-488.54,-1.51
2026-02-06,31782.92,72356.43,-18.35,-0.06
2026-02-09,32404.62,73771.78,621.7,1.96
2026-02-10,33072.97,75293.33,668.35,2.06
2026-02-11,33605.71,76506.14,532.74,1.61
2026-02-23,33773.26,76887.59,167.55,0.5
2026-02-24,34700.82,78999.25,927.56,2.75
2026-02-25,35413.07,80620.75,712.25,2.05
2026-02-26,35414.49,80623.98,1.42,0
2026-03-02,35095.09,79896.85,-319.4,-0.9
2026-03-03,34323.65,78140.6,-771.44,-2.2
2026-03-04,32828.88,74737.64,-1494.77,-4.35
2026-03-05,33672.94,76659.21,844.06,2.57
2026-03-06,33599.54,76492.11,-73.4,-0.22
2026-03-09,32110.42,73102,-1489.12,-4.43
2026-03-10,32771.87,74607.85,661.45,2.06
2026-03-11,34114.19,77663.74,1342.32,4.1
2026-03-12,33581.86,76452.48,-532.33,-1.56
2026-03-13,33400.32,76039.19,-181.54,-0.54
2026-03-16,33342.51,75907.87,-57.81,-0.17
2026-03-17,33836.57,77143.47,494.06,1.48
2026-03-18,34348.58,78311.56,512.01,1.51
2026-03-19,33689.68,76819.8,-658.9,-1.92
2026-03-20,33543.88,76490.31,-145.8,-0.43
2026-03-23,32722.5,74617.31,-821.38,-2.45
2026-03-24,32612.24,74366.25,-110.26,-0.34
2026-03-25,33439.11,76258.51,826.87,2.54
2026-03-26,33337.62,76035.18,-101.49,-0.3
2026-03-27,33112.59,75529.53,-225.03,-0.68
2026-03-30,32518.16,74173.91,-594.43,-1.8
2026-03-31,31722.99,72360.16,-795.17,-2.45
2026-04-01,33174.82,75674.58,1451.83,4.58
2026-04-02,32572.43,74300.61,-602.39,-1.82
2026-04-07,33229.82,75800.17,657.39,2.02
2026-04-08,34761.38,79293.86,1531.56,4.61
2026-04-09,34861.16,79523.06,99.78,0.29
2026-04-10,35417.83,80793.42,556.67,1.6
2026-04-13,35457.29,80883.44,39.46,0.11
2026-04-14,36296.12,82796.95,838.83,2.37
2026-04-15,36722.14,83768.84,426.02,1.17
2026-04-16,37132.02,84707.06,409.88,1.12
2026-04-17,36804.34,83959.54,-327.68,-0.88
2026-04-20,36958.8,84311.91,154.46,0.42
2026-04-21,37605.11,85786.3,646.31,1.75
2026-04-22,37878.47,86409.88,273.36,0.73
2026-04-23,37714.15,86036.19,-164.32,-0.43
2026-04-24,38932.4,88816.62,1218.25,3.23
2026-04-27,39616.63,90377.55,684.23,1.76
2026-04-28,39521.73,90161.06,-94.9,-0.24
2026-04-29,39303.5,89663.32,-218.23,-0.55
2026-04-30,38926.63,88803.55,-376.87,-0.96
2026-05-04,40705.14,92860.88,1778.51,4.57
2026-05-05,40769.29,93007.22,64.15,0.16
2026-05-06,41138.85,93850.32,369.56,0.91
2026-05-07,41933.78,95663.79,794.93,1.93
2026-05-08,41603.94,94911.32,-329.84,-0.79
2026-05-11,41790.06,95335.91,186.12,0.45
2026-05-12,41898.32,95582.88,108.26,0.26
2026-05-13,41374.5,94387.91,-523.82,-1.25
2026-05-14,41751.75,95248.52,377.25,0.91
2026-05-15,41172.36,93926.76,-579.39,-1.39
2026-05-18,40891.82,93286.77,-280.54,-0.68
2026-05-19,40175.56,91652.74,-716.26,-1.75
2026-05-20,40020.82,91299.74,-154.74,-0.39
2026-05-21,41368.21,94373.55,1347.39,3.37
2026-05-22,42267.97,96426.34,899.76,2.18
2026-05-25,43644.4,99566.5,1376.43,3.26
2026-05-26,43525.37,99294.98,-119.03,-0.27
2026-05-27,44256.8,100966,731.43,1.68
2026-05-28,43636.44,99551.45,-620.36,-1.4
2026-05-29,44732.94,102052.99,1096.5,2.51
2026-06-01,45337.91,103434.65,604.97,1.35
2026-06-02,45557.31,103939.58,219.4,0.48
2026-06-03,46459.16,105997.21,901.85,1.98
2026-06-04,45677.46,104213.94,-781.7,-1.68
2026-06-05,45070.94,102830.59,-606.52,-1.33
2026-06-08,43502.78,99265.25,-1568.16,-3.48
2026-06-09,44704.44,102010.65,1201.66,2.76
2026-06-10,43225.54,98639.28,-1478.9,-3.31
2026-06-11,43149.46,98585.81,-76.08,-0.18
2026-06-12,44169.04,100933.47,1019.58,2.36
2026-06-15,45396.99,103758.38,1227.95,2.78
2026-06-16,45809.19,104708.91,412.2,0.91
2026-06-17,45877.39,104936.56,68.2,0.15
2026-06-18,46465.2,106284.87,587.81,1.28
2026-06-22,47741.51,109231.58,1276.31,2.75
2026-06-23,47100.65,107784.88,-640.86,-1.34
2026-06-24,46043.6,105376.96,-1057.05,-2.24
2026-06-25,46255.26,105874.47,211.66,0.46
2026-06-26,44571.76,102023.27,-1683.5,-3.64
2026-06-29,44999.9,103010.12,428.14,0.96
2026-06-30,46125.91,105644.15,1126.01,2.5
2026-07-01,47018.99,107781.17,893.08,1.94
2026-07-02,46744.16,107239.33,-274.83,-0.58
2026-07-03,46780.62,107344.35,36.46,0.08
2026-07-06,46556.39,106844.47,-224.23,-0.48
2026-07-07,45479.11,104408.51,-1077.28,-2.31
2026-07-08,45734.41,105056.55,255.3,0.56
2026-07-09,45354.61,104241.44,-379.8,-0.83
2026-07-13,45380.52,104360.55,25.91,0.06
2026-07-14,44737.95,102902.72,-642.57,-1.42
2026-07-15,45631.59,104970.69,893.64,2
2026-07-16,45624.98,105017.85,-6.61,-0.01
2026-07-17,42671.27,98228.75,-2953.71,-6.47
2026-07-20,42449.7,97721.96,-221.57,-0.52
2026-07-21,44232.87,101867.7,1783.17,4.2
2026-07-22,44825.78,103240.18,592.91,1.34
2026-07-23,44850.81,103326.54,25.03,0.06
2026-07-24,43654.84,100574.58,-1195.97,-2.67
2026-07-27,43634.19,100527.1,-20.65,-0.05
2026-07-28,41603.36,95856.81,-2030.83,-4.65
2026-07-29,40039.18,92260.97,-1564.18,-3.76
2026-07-30,39933.3,92058.06,-105.88,-0.26
2026-07-31,43119.75,99405.7,3186.45,7.98
2026-08-03,43386.41,100027.02,266.66,0.62
2026-08-04,43360.66,99978.9,-25.75,-0.06
2026-08-05,44611.6,102873.02,1250.94,2.88
2026-08-06,44396.7,102381.13,-214.9,-0.48
2026-08-07,44225.91,101989.71,-170.79,-0.38
